,data
1197,MRIQC/sub-HCP-YA-1200-100206/100206_3T_T1w_MPR1/mri/reg_extracted_orig_nu.nii.gz
1198,MRIQC/sub-HCP-YA-1200-100307/100307_3T_T1w_MPR1/mri/reg_extracted_orig_nu.nii.gz
1199,MRIQC/sub-HCP-YA-1200-100408/100408_3T_T1w_MPR1/mri/reg_extracted_orig_nu.nii.gz
1200,MRIQC/sub-HCP-YA-1200-100610/100610_3T_T1w_MPR1/mri/reg_extracted_orig_nu.nii.gz
1201,MRIQC/sub-HCP-YA-1200-101006/101006_3T_T1w_MPR1/mri/reg_extracted_orig_nu.nii.gz
1202,MRIQC/sub-HCP-YA-1200-101107/101107_3T_T1w_MPR1/mri/reg_extracted_orig_nu.nii.gz
1203,MRIQC/sub-HCP-YA-1200-101309/101309_3T_T1w_MPR1/mri/reg_extracted_orig_nu.nii.gz
1204,MRIQC/sub-HCP-YA-1200-101410/101410_3T_T1w_MPR1/mri/reg_extracted_orig_nu.nii.gz
1205,MRIQC/sub-HCP-YA-1200-101915/101915_3T_T1w_MPR1/mri/reg_extracted_orig_nu.nii.gz
1206,MRIQC/sub-HCP-YA-1200-102008/102008_3T_T1w_MPR1/mri/reg_extracted_orig_nu.nii.gz
1207,MRIQC/sub-HCP-YA-1200-102109/102109_3T_T1w_MPR1/mri/reg_extracted_orig_nu.nii.gz
1208,MRIQC/sub-HCP-YA-1200-102311/102311_3T_T1w_MPR1/mri/reg_extracted_orig_nu.nii.gz
1209,MRIQC/sub-HCP-YA-1200-102513/102513_3T_T1w_MPR1/mri/reg_extracted_orig_nu.nii.gz
1210,MRIQC/sub-HCP-YA-1200-102614/102614_3T_T1w_MPR1/mri/reg_extracted_orig_nu.nii.gz
1211,MRIQC/sub-HCP-YA-1200-102715/102715_3T_T1w_MPR1/mri/reg_extracted_orig_nu.nii.gz
1212,MRIQC/sub-HCP-YA-1200-102816/102816_3T_T1w_MPR1/mri/reg_extracted_orig_nu.nii.gz
1213,MRIQC/sub-HCP-YA-1200-103010/103010_3T_T1w_MPR1/mri/reg_extracted_orig_nu.nii.gz
1214,MRIQC/sub-HCP-YA-1200-103111/103111_3T_T1w_MPR1/mri/reg_extracted_orig_nu.nii.gz
1215,MRIQC/sub-HCP-YA-1200-103212/103212_3T_T1w_MPR1/mri/reg_extracted_orig_nu.nii.gz
1216,MRIQC/sub-HCP-YA-1200-103414/103414_3T_T1w_MPR1/mri/reg_extracted_orig_nu.nii.gz
1217,MRIQC/sub-HCP-YA-1200-103515/103515_3T_T1w_MPR1/mri/reg_extracted_orig_nu.nii.gz
1218,MRIQC/sub-HCP-YA-1200-103818/103818_3T_T1w_MPR1/mri/reg_extracted_orig_nu.nii.gz
1219,MRIQC/sub-HCP-YA-1200-104012/104012_3T_T1w_MPR1/mri/reg_extracted_orig_nu.nii.gz
1220,MRIQC/sub-HCP-YA-1200-104416/104416_3T_T1w_MPR1/mri/reg_extracted_orig_nu.nii.gz
1221,MRIQC/sub-HCP-YA-1200-104820/104820_3T_T1w_MPR1/mri/reg_extracted_orig_nu.nii.gz
1222,MRIQC/sub-HCP-YA-1200-105014/105014_3T_T1w_MPR1/mri/reg_extracted_orig_nu.nii.gz
1223,MRIQC/sub-HCP-YA-1200-105115/105115_3T_T1w_MPR1/mri/reg_extracted_orig_nu.nii.gz
1224,MRIQC/sub-HCP-YA-1200-105216/105216_3T_T1w_MPR1/mri/reg_extracted_orig_nu.nii.gz
1225,MRIQC/sub-HCP-YA-1200-105620/105620_3T_T1w_MPR1/mri/reg_extracted_orig_nu.nii.gz
1226,MRIQC/sub-HCP-YA-1200-105923/105923_3T_T1w_MPR1/mri/reg_extracted_orig_nu.nii.gz
1227,MRIQC/sub-HCP-YA-1200-106016/106016_3T_T1w_MPR1/mri/reg_extracted_orig_nu.nii.gz
1228,MRIQC/sub-HCP-YA-1200-106319/106319_3T_T1w_MPR1/mri/reg_extracted_orig_nu.nii.gz
1229,MRIQC/sub-HCP-YA-1200-106521/106521_3T_T1w_MPR1/mri/reg_extracted_orig_nu.nii.gz
1230,MRIQC/sub-HCP-YA-1200-106824/106824_3T_T1w_MPR1/mri/reg_extracted_orig_nu.nii.gz
1231,MRIQC/sub-HCP-YA-1200-107018/107018_3T_T1w_MPR1/mri/reg_extracted_orig_nu.nii.gz
1232,MRIQC/sub-HCP-YA-1200-107220/107220_3T_T1w_MPR1/mri/reg_extracted_orig_nu.nii.gz
1233,MRIQC/sub-HCP-YA-1200-107321/107321_3T_T1w_MPR1/mri/reg_extracted_orig_nu.nii.gz
1234,MRIQC/sub-HCP-YA-1200-107422/107422_3T_T1w_MPR1/mri/reg_extracted_orig_nu.nii.gz
1235,MRIQC/sub-HCP-YA-1200-107725/107725_3T_T1w_MPR1/mri/reg_extracted_orig_nu.nii.gz
1236,MRIQC/sub-HCP-YA-1200-108020/108020_3T_T1w_MPR1/mri/reg_extracted_orig_nu.nii.gz
1237,MRIQC/sub-HCP-YA-1200-108121/108121_3T_T1w_MPR1/mri/reg_extracted_orig_nu.nii.gz
1238,MRIQC/sub-HCP-YA-1200-108222/108222_3T_T1w_MPR1/mri/reg_extracted_orig_nu.nii.gz
1239,MRIQC/sub-HCP-YA-1200-108323/108323_3T_T1w_MPR1/mri/reg_extracted_orig_nu.nii.gz
1240,MRIQC/sub-HCP-YA-1200-108525/108525_3T_T1w_MPR1/mri/reg_extracted_orig_nu.nii.gz
1241,MRIQC/sub-HCP-YA-1200-108828/108828_3T_T1w_MPR1/mri/reg_extracted_orig_nu.nii.gz
1242,MRIQC/sub-HCP-YA-1200-109123/109123_3T_T1w_MPR1/mri/reg_extracted_orig_nu.nii.gz
1243,MRIQC/sub-HCP-YA-1200-109325/109325_3T_T1w_MPR1/mri/reg_extracted_orig_nu.nii.gz
1244,MRIQC/sub-HCP-YA-1200-109830/109830_3T_T1w_MPR1/mri/reg_extracted_orig_nu.nii.gz
1245,MRIQC/sub-HCP-YA-1200-110007/110007_3T_T1w_MPR1/mri/reg_extracted_orig_nu.nii.gz
1246,MRIQC/sub-HCP-YA-1200-110411/110411_3T_T1w_MPR1/mri/reg_extracted_orig_nu.nii.gz
1247,MRIQC/sub-HCP-YA-1200-110613/110613_3T_T1w_MPR1/mri/reg_extracted_orig_nu.nii.gz
1248,MRIQC/sub-HCP-YA-1200-111009/111009_3T_T1w_MPR1/mri/reg_extracted_orig_nu.nii.gz
1249,MRIQC/sub-HCP-YA-1200-111211/111211_3T_T1w_MPR1/mri/reg_extracted_orig_nu.nii.gz
1250,MRIQC/sub-HCP-YA-1200-111312/111312_3T_T1w_MPR1/mri/reg_extracted_orig_nu.nii.gz
1251,MRIQC/sub-HCP-YA-1200-111413/111413_3T_T1w_MPR1/mri/reg_extracted_orig_nu.nii.gz
1252,MRIQC/sub-HCP-YA-1200-111514/111514_3T_T1w_MPR1/mri/reg_extracted_orig_nu.nii.gz
1253,MRIQC/sub-HCP-YA-1200-111716/111716_3T_T1w_MPR1/mri/reg_extracted_orig_nu.nii.gz
1254,MRIQC/sub-HCP-YA-1200-112112/112112_3T_T1w_MPR1/mri/reg_extracted_orig_nu.nii.gz
1255,MRIQC/sub-HCP-YA-1200-112314/112314_3T_T1w_MPR1/mri/reg_extracted_orig_nu.nii.gz
1256,MRIQC/sub-HCP-YA-1200-112516/112516_3T_T1w_MPR1/mri/reg_extracted_orig_nu.nii.gz
1257,MRIQC/sub-HCP-YA-1200-112819/112819_3T_T1w_MPR1/mri/reg_extracted_orig_nu.nii.gz
1258,MRIQC/sub-HCP-YA-1200-112920/112920_3T_T1w_MPR1/mri/reg_extracted_orig_nu.nii.gz
1259,MRIQC/sub-HCP-YA-1200-113215/113215_3T_T1w_MPR1/mri/reg_extracted_orig_nu.nii.gz
1260,MRIQC/sub-HCP-YA-1200-113316/113316_3T_T1w_MPR1/mri/reg_extracted_orig_nu.nii.gz
1261,MRIQC/sub-HCP-YA-1200-113417/113417_3T_T1w_MPR1/mri/reg_extracted_orig_nu.nii.gz
1262,MRIQC/sub-HCP-YA-1200-113619/113619_3T_T1w_MPR1/mri/reg_extracted_orig_nu.nii.gz
1263,MRIQC/sub-HCP-YA-1200-113821/113821_3T_T1w_MPR1/mri/reg_extracted_orig_nu.nii.gz
1264,MRIQC/sub-HCP-YA-1200-113922/113922_3T_T1w_MPR1/mri/reg_extracted_orig_nu.nii.gz
1265,MRIQC/sub-HCP-YA-1200-114116/114116_3T_T1w_MPR1/mri/reg_extracted_orig_nu.nii.gz
1266,MRIQC/sub-HCP-YA-1200-114217/114217_3T_T1w_MPR1/mri/reg_extracted_orig_nu.nii.gz
1267,MRIQC/sub-HCP-YA-1200-114318/114318_3T_T1w_MPR1/mri/reg_extracted_orig_nu.nii.gz
1268,MRIQC/sub-HCP-YA-1200-114419/114419_3T_T1w_MPR1/mri/reg_extracted_orig_nu.nii.gz
1269,MRIQC/sub-HCP-YA-1200-114621/114621_3T_T1w_MPR1/mri/reg_extracted_orig_nu.nii.gz
1270,MRIQC/sub-HCP-YA-1200-114823/114823_3T_T1w_MPR1/mri/reg_extracted_orig_nu.nii.gz
1271,MRIQC/sub-HCP-YA-1200-114924/114924_3T_T1w_MPR1/mri/reg_extracted_orig_nu.nii.gz
1272,MRIQC/sub-HCP-YA-1200-115017/115017_3T_T1w_MPR1/mri/reg_extracted_orig_nu.nii.gz
1273,MRIQC/sub-HCP-YA-1200-115219/115219_3T_T1w_MPR1/mri/reg_extracted_orig_nu.nii.gz
1274,MRIQC/sub-HCP-YA-1200-115320/115320_3T_T1w_MPR1/mri/reg_extracted_orig_nu.nii.gz
1275,MRIQC/sub-HCP-YA-1200-115724/115724_3T_T1w_MPR1/mri/reg_extracted_orig_nu.nii.gz
1276,MRIQC/sub-HCP-YA-1200-115825/115825_3T_T1w_MPR1/mri/reg_extracted_orig_nu.nii.gz
1277,MRIQC/sub-HCP-YA-1200-116120/116120_3T_T1w_MPR1/mri/reg_extracted_orig_nu.nii.gz
1278,MRIQC/sub-HCP-YA-1200-116221/116221_3T_T1w_MPR1/mri/reg_extracted_orig_nu.nii.gz
1279,MRIQC/sub-HCP-YA-1200-116423/116423_3T_T1w_MPR1/mri/reg_extracted_orig_nu.nii.gz
1280,MRIQC/sub-HCP-YA-1200-116524/116524_3T_T1w_MPR1/mri/reg_extracted_orig_nu.nii.gz
1281,MRIQC/sub-HCP-YA-1200-116726/116726_3T_T1w_MPR1/mri/reg_extracted_orig_nu.nii.gz
1282,MRIQC/sub-HCP-YA-1200-117021/117021_3T_T1w_MPR1/mri/reg_extracted_orig_nu.nii.gz
1283,MRIQC/sub-HCP-YA-1200-117122/117122_3T_T1w_MPR1/mri/reg_extracted_orig_nu.nii.gz
1284,MRIQC/sub-HCP-YA-1200-117324/117324_3T_T1w_MPR1/mri/reg_extracted_orig_nu.nii.gz
1285,MRIQC/sub-HCP-YA-1200-117728/117728_3T_T1w_MPR1/mri/reg_extracted_orig_nu.nii.gz
1286,MRIQC/sub-HCP-YA-1200-117930/117930_3T_T1w_MPR1/mri/reg_extracted_orig_nu.nii.gz
1287,MRIQC/sub-HCP-YA-1200-118023/118023_3T_T1w_MPR1/mri/reg_extracted_orig_nu.nii.gz
1288,MRIQC/sub-HCP-YA-1200-118124/118124_3T_T1w_MPR1/mri/reg_extracted_orig_nu.nii.gz
1289,MRIQC/sub-HCP-YA-1200-118225/118225_3T_T1w_MPR1/mri/reg_extracted_orig_nu.nii.gz
1290,MRIQC/sub-HCP-YA-1200-118528/118528_3T_T1w_MPR1/mri/reg_extracted_orig_nu.nii.gz
1291,MRIQC/sub-HCP-YA-1200-118730/118730_3T_T1w_MPR1/mri/reg_extracted_orig_nu.nii.gz
1292,MRIQC/sub-HCP-YA-1200-118831/118831_3T_T1w_MPR1/mri/reg_extracted_orig_nu.nii.gz
1293,MRIQC/sub-HCP-YA-1200-118932/118932_3T_T1w_MPR1/mri/reg_extracted_orig_nu.nii.gz
1294,MRIQC/sub-HCP-YA-1200-119025/119025_3T_T1w_MPR1/mri/reg_extracted_orig_nu.nii.gz
1295,MRIQC/sub-HCP-YA-1200-119126/119126_3T_T1w_MPR1/mri/reg_extracted_orig_nu.nii.gz
1296,MRIQC/sub-HCP-YA-1200-119732/119732_3T_T1w_MPR1/mri/reg_extracted_orig_nu.nii.gz
1297,MRIQC/sub-HCP-YA-1200-119833/119833_3T_T1w_MPR1/mri/reg_extracted_orig_nu.nii.gz
1298,MRIQC/sub-HCP-YA-1200-120010/120010_3T_T1w_MPR1/mri/reg_extracted_orig_nu.nii.gz
1299,MRIQC/sub-HCP-YA-1200-120111/120111_3T_T1w_MPR1/mri/reg_extracted_orig_nu.nii.gz
1300,MRIQC/sub-HCP-YA-1200-120212/120212_3T_T1w_MPR1/mri/reg_extracted_orig_nu.nii.gz
1301,MRIQC/sub-HCP-YA-1200-120414/120414_3T_T1w_MPR1/mri/reg_extracted_orig_nu.nii.gz
1302,MRIQC/sub-HCP-YA-1200-120515/120515_3T_T1w_MPR1/mri/reg_extracted_orig_nu.nii.gz
1303,MRIQC/sub-HCP-YA-1200-120717/120717_3T_T1w_MPR1/mri/reg_extracted_orig_nu.nii.gz
1304,MRIQC/sub-HCP-YA-1200-121315/121315_3T_T1w_MPR1/mri/reg_extracted_orig_nu.nii.gz
1305,MRIQC/sub-HCP-YA-1200-121416/121416_3T_T1w_MPR1/mri/reg_extracted_orig_nu.nii.gz
1306,MRIQC/sub-HCP-YA-1200-121618/121618_3T_T1w_MPR1/mri/reg_extracted_orig_nu.nii.gz
1307,MRIQC/sub-HCP-YA-1200-121719/121719_3T_T1w_MPR1/mri/reg_extracted_orig_nu.nii.gz
1308,MRIQC/sub-HCP-YA-1200-121820/121820_3T_T1w_MPR1/mri/reg_extracted_orig_nu.nii.gz
1309,MRIQC/sub-HCP-YA-1200-121921/121921_3T_T1w_MPR1/mri/reg_extracted_orig_nu.nii.gz
1310,MRIQC/sub-HCP-YA-1200-122317/122317_3T_T1w_MPR1/mri/reg_extracted_orig_nu.nii.gz
1311,MRIQC/sub-HCP-YA-1200-122418/122418_3T_T1w_MPR1/mri/reg_extracted_orig_nu.nii.gz
1312,MRIQC/sub-HCP-YA-1200-122620/122620_3T_T1w_MPR1/mri/reg_extracted_orig_nu.nii.gz
1313,MRIQC/sub-HCP-YA-1200-122822/122822_3T_T1w_MPR1/mri/reg_extracted_orig_nu.nii.gz
1314,MRIQC/sub-HCP-YA-1200-123117/123117_3T_T1w_MPR1/mri/reg_extracted_orig_nu.nii.gz
1315,MRIQC/sub-HCP-YA-1200-123420/123420_3T_T1w_MPR1/mri/reg_extracted_orig_nu.nii.gz
1316,MRIQC/sub-HCP-YA-1200-123521/123521_3T_T1w_MPR1/mri/reg_extracted_orig_nu.nii.gz
1317,MRIQC/sub-HCP-YA-1200-123723/123723_3T_T1w_MPR1/mri/reg_extracted_orig_nu.nii.gz
1318,MRIQC/sub-HCP-YA-1200-123824/123824_3T_T1w_MPR1/mri/reg_extracted_orig_nu.nii.gz
1319,MRIQC/sub-HCP-YA-1200-123925/123925_3T_T1w_MPR1/mri/reg_extracted_orig_nu.nii.gz
1320,MRIQC/sub-HCP-YA-1200-124220/124220_3T_T1w_MPR1/mri/reg_extracted_orig_nu.nii.gz
1321,MRIQC/sub-HCP-YA-1200-124422/124422_3T_T1w_MPR1/mri/reg_extracted_orig_nu.nii.gz
1322,MRIQC/sub-HCP-YA-1200-124624/124624_3T_T1w_MPR1/mri/reg_extracted_orig_nu.nii.gz
1323,MRIQC/sub-HCP-YA-1200-124826/124826_3T_T1w_MPR1/mri/reg_extracted_orig_nu.nii.gz
1324,MRIQC/sub-HCP-YA-1200-125222/125222_3T_T1w_MPR1/mri/reg_extracted_orig_nu.nii.gz
1325,MRIQC/sub-HCP-YA-1200-125424/125424_3T_T1w_MPR1/mri/reg_extracted_orig_nu.nii.gz
1326,MRIQC/sub-HCP-YA-1200-125525/125525_3T_T1w_MPR1/mri/reg_extracted_orig_nu.nii.gz
1327,MRIQC/sub-HCP-YA-1200-126325/126325_3T_T1w_MPR1/mri/reg_extracted_orig_nu.nii.gz
1328,MRIQC/sub-HCP-YA-1200-126426/126426_3T_T1w_MPR1/mri/reg_extracted_orig_nu.nii.gz
1329,MRIQC/sub-HCP-YA-1200-126628/126628_3T_T1w_MPR1/mri/reg_extracted_orig_nu.nii.gz
1330,MRIQC/sub-HCP-YA-1200-126931/126931_3T_T1w_MPR1/mri/reg_extracted_orig_nu.nii.gz
1331,MRIQC/sub-HCP-YA-1200-127226/127226_3T_T1w_MPR1/mri/reg_extracted_orig_nu.nii.gz
1332,MRIQC/sub-HCP-YA-1200-127327/127327_3T_T1w_MPR1/mri/reg_extracted_orig_nu.nii.gz
1333,MRIQC/sub-HCP-YA-1200-127630/127630_3T_T1w_MPR1/mri/reg_extracted_orig_nu.nii.gz
1334,MRIQC/sub-HCP-YA-1200-127731/127731_3T_T1w_MPR1/mri/reg_extracted_orig_nu.nii.gz
1335,MRIQC/sub-HCP-YA-1200-127832/127832_3T_T1w_MPR1/mri/reg_extracted_orig_nu.nii.gz
1336,MRIQC/sub-HCP-YA-1200-127933/127933_3T_T1w_MPR1/mri/reg_extracted_orig_nu.nii.gz
1337,MRIQC/sub-HCP-YA-1200-128026/128026_3T_T1w_MPR1/mri/reg_extracted_orig_nu.nii.gz
1338,MRIQC/sub-HCP-YA-1200-128127/128127_3T_T1w_MPR1/mri/reg_extracted_orig_nu.nii.gz
1339,MRIQC/sub-HCP-YA-1200-128329/128329_3T_T1w_MPR1/mri/reg_extracted_orig_nu.nii.gz
1340,MRIQC/sub-HCP-YA-1200-128632/128632_3T_T1w_MPR1/mri/reg_extracted_orig_nu.nii.gz
1341,MRIQC/sub-HCP-YA-1200-128935/128935_3T_T1w_MPR1/mri/reg_extracted_orig_nu.nii.gz
1342,MRIQC/sub-HCP-YA-1200-129028/129028_3T_T1w_MPR1/mri/reg_extracted_orig_nu.nii.gz
1343,MRIQC/sub-HCP-YA-1200-129129/129129_3T_T1w_MPR1/mri/reg_extracted_orig_nu.nii.gz
1344,MRIQC/sub-HCP-YA-1200-129331/129331_3T_T1w_MPR1/mri/reg_extracted_orig_nu.nii.gz
1345,MRIQC/sub-HCP-YA-1200-129432/129432_3T_T1w_MPR1/mri/reg_extracted_orig_nu.nii.gz
1346,MRIQC/sub-HCP-YA-1200-129533/129533_3T_T1w_MPR1/mri/reg_extracted_orig_nu.nii.gz
1347,MRIQC/sub-HCP-YA-1200-129634/129634_3T_T1w_MPR1/mri/reg_extracted_orig_nu.nii.gz
1348,MRIQC/sub-HCP-YA-1200-129937/129937_3T_T1w_MPR1/mri/reg_extracted_orig_nu.nii.gz
1349,MRIQC/sub-HCP-YA-1200-130013/130013_3T_T1w_MPR1/mri/reg_extracted_orig_nu.nii.gz
1350,MRIQC/sub-HCP-YA-1200-130114/130114_3T_T1w_MPR1/mri/reg_extracted_orig_nu.nii.gz
1351,MRIQC/sub-HCP-YA-1200-130316/130316_3T_T1w_MPR1/mri/reg_extracted_orig_nu.nii.gz
1352,MRIQC/sub-HCP-YA-1200-130417/130417_3T_T1w_MPR1/mri/reg_extracted_orig_nu.nii.gz
1353,MRIQC/sub-HCP-YA-1200-130518/130518_3T_T1w_MPR1/mri/reg_extracted_orig_nu.nii.gz
1354,MRIQC/sub-HCP-YA-1200-130619/130619_3T_T1w_MPR1/mri/reg_extracted_orig_nu.nii.gz
1355,MRIQC/sub-HCP-YA-1200-130720/130720_3T_T1w_MPR1/mri/reg_extracted_orig_nu.nii.gz
1356,MRIQC/sub-HCP-YA-1200-130821/130821_3T_T1w_MPR1/mri/reg_extracted_orig_nu.nii.gz
1357,MRIQC/sub-HCP-YA-1200-130922/130922_3T_T1w_MPR1/mri/reg_extracted_orig_nu.nii.gz
1358,MRIQC/sub-HCP-YA-1200-131217/131217_3T_T1w_MPR1/mri/reg_extracted_orig_nu.nii.gz
1359,MRIQC/sub-HCP-YA-1200-131419/131419_3T_T1w_MPR1/mri/reg_extracted_orig_nu.nii.gz
1360,MRIQC/sub-HCP-YA-1200-131621/131621_3T_T1w_MPR1/mri/reg_extracted_orig_nu.nii.gz
1361,MRIQC/sub-HCP-YA-1200-131722/131722_3T_T1w_MPR1/mri/reg_extracted_orig_nu.nii.gz
1362,MRIQC/sub-HCP-YA-1200-131823/131823_3T_T1w_MPR1/mri/reg_extracted_orig_nu.nii.gz
1363,MRIQC/sub-HCP-YA-1200-131924/131924_3T_T1w_MPR1/mri/reg_extracted_orig_nu.nii.gz
1364,MRIQC/sub-HCP-YA-1200-132017/132017_3T_T1w_MPR1/mri/reg_extracted_orig_nu.nii.gz
1365,MRIQC/sub-HCP-YA-1200-132118/132118_3T_T1w_MPR1/mri/reg_extracted_orig_nu.nii.gz
1366,MRIQC/sub-HCP-YA-1200-133019/133019_3T_T1w_MPR1/mri/reg_extracted_orig_nu.nii.gz
1367,MRIQC/sub-HCP-YA-1200-133625/133625_3T_T1w_MPR1/mri/reg_extracted_orig_nu.nii.gz
1368,MRIQC/sub-HCP-YA-1200-133827/133827_3T_T1w_MPR1/mri/reg_extracted_orig_nu.nii.gz
1369,MRIQC/sub-HCP-YA-1200-133928/133928_3T_T1w_MPR1/mri/reg_extracted_orig_nu.nii.gz
1370,MRIQC/sub-HCP-YA-1200-134021/134021_3T_T1w_MPR1/mri/reg_extracted_orig_nu.nii.gz
1371,MRIQC/sub-HCP-YA-1200-134223/134223_3T_T1w_MPR1/mri/reg_extracted_orig_nu.nii.gz
1372,MRIQC/sub-HCP-YA-1200-134324/134324_3T_T1w_MPR1/mri/reg_extracted_orig_nu.nii.gz
1373,MRIQC/sub-HCP-YA-1200-134425/134425_3T_T1w_MPR1/mri/reg_extracted_orig_nu.nii.gz
1374,MRIQC/sub-HCP-YA-1200-134627/134627_3T_T1w_MPR1/mri/reg_extracted_orig_nu.nii.gz
1375,MRIQC/sub-HCP-YA-1200-134728/134728_3T_T1w_MPR1/mri/reg_extracted_orig_nu.nii.gz
1376,MRIQC/sub-HCP-YA-1200-134829/134829_3T_T1w_MPR1/mri/reg_extracted_orig_nu.nii.gz
1377,MRIQC/sub-HCP-YA-1200-135124/135124_3T_T1w_MPR1/mri/reg_extracted_orig_nu.nii.gz
1378,MRIQC/sub-HCP-YA-1200-135225/135225_3T_T1w_MPR1/mri/reg_extracted_orig_nu.nii.gz
1379,MRIQC/sub-HCP-YA-1200-135528/135528_3T_T1w_MPR1/mri/reg_extracted_orig_nu.nii.gz
1380,MRIQC/sub-HCP-YA-1200-135629/135629_3T_T1w_MPR1/mri/reg_extracted_orig_nu.nii.gz
1381,MRIQC/sub-HCP-YA-1200-135730/135730_3T_T1w_MPR1/mri/reg_extracted_orig_nu.nii.gz
1382,MRIQC/sub-HCP-YA-1200-135932/135932_3T_T1w_MPR1/mri/reg_extracted_orig_nu.nii.gz
1383,MRIQC/sub-HCP-YA-1200-136126/136126_3T_T1w_MPR1/mri/reg_extracted_orig_nu.nii.gz
1384,MRIQC/sub-HCP-YA-1200-136227/136227_3T_T1w_MPR1/mri/reg_extracted_orig_nu.nii.gz
1385,MRIQC/sub-HCP-YA-1200-136631/136631_3T_T1w_MPR1/mri/reg_extracted_orig_nu.nii.gz
1386,MRIQC/sub-HCP-YA-1200-136732/136732_3T_T1w_MPR1/mri/reg_extracted_orig_nu.nii.gz
1387,MRIQC/sub-HCP-YA-1200-136833/136833_3T_T1w_MPR1/mri/reg_extracted_orig_nu.nii.gz
1388,MRIQC/sub-HCP-YA-1200-137027/137027_3T_T1w_MPR1/mri/reg_extracted_orig_nu.nii.gz
1389,MRIQC/sub-HCP-YA-1200-137128/137128_3T_T1w_MPR1/mri/reg_extracted_orig_nu.nii.gz
1390,MRIQC/sub-HCP-YA-1200-137229/137229_3T_T1w_MPR1/mri/reg_extracted_orig_nu.nii.gz
1391,MRIQC/sub-HCP-YA-1200-137431/137431_3T_T1w_MPR1/mri/reg_extracted_orig_nu.nii.gz
1392,MRIQC/sub-HCP-YA-1200-137532/137532_3T_T1w_MPR1/mri/reg_extracted_orig_nu.nii.gz
1393,MRIQC/sub-HCP-YA-1200-137633/137633_3T_T1w_MPR1/mri/reg_extracted_orig_nu.nii.gz
1394,MRIQC/sub-HCP-YA-1200-137936/137936_3T_T1w_MPR1/mri/reg_extracted_orig_nu.nii.gz
1395,MRIQC/sub-HCP-YA-1200-138130/138130_3T_T1w_MPR1/mri/reg_extracted_orig_nu.nii.gz
1396,MRIQC/sub-HCP-YA-1200-138231/138231_3T_T1w_MPR1/mri/reg_extracted_orig_nu.nii.gz
1397,MRIQC/sub-HCP-YA-1200-138332/138332_3T_T1w_MPR1/mri/reg_extracted_orig_nu.nii.gz
1398,MRIQC/sub-HCP-YA-1200-138534/138534_3T_T1w_MPR1/mri/reg_extracted_orig_nu.nii.gz
1399,MRIQC/sub-HCP-YA-1200-138837/138837_3T_T1w_MPR1/mri/reg_extracted_orig_nu.nii.gz
1400,MRIQC/sub-HCP-YA-1200-139233/139233_3T_T1w_MPR1/mri/reg_extracted_orig_nu.nii.gz
1401,MRIQC/sub-HCP-YA-1200-139435/139435_3T_T1w_MPR1/mri/reg_extracted_orig_nu.nii.gz
1402,MRIQC/sub-HCP-YA-1200-139637/139637_3T_T1w_MPR1/mri/reg_extracted_orig_nu.nii.gz
1403,MRIQC/sub-HCP-YA-1200-139839/139839_3T_T1w_MPR1/mri/reg_extracted_orig_nu.nii.gz
1404,MRIQC/sub-HCP-YA-1200-140117/140117_3T_T1w_MPR1/mri/reg_extracted_orig_nu.nii.gz
1405,MRIQC/sub-HCP-YA-1200-140319/140319_3T_T1w_MPR1/mri/reg_extracted_orig_nu.nii.gz
1406,MRIQC/sub-HCP-YA-1200-140420/140420_3T_T1w_MPR1/mri/reg_extracted_orig_nu.nii.gz
1407,MRIQC/sub-HCP-YA-1200-140824/140824_3T_T1w_MPR1/mri/reg_extracted_orig_nu.nii.gz
1408,MRIQC/sub-HCP-YA-1200-140925/140925_3T_T1w_MPR1/mri/reg_extracted_orig_nu.nii.gz
1409,MRIQC/sub-HCP-YA-1200-141119/141119_3T_T1w_MPR1/mri/reg_extracted_orig_nu.nii.gz
1410,MRIQC/sub-HCP-YA-1200-141422/141422_3T_T1w_MPR1/mri/reg_extracted_orig_nu.nii.gz
1411,MRIQC/sub-HCP-YA-1200-141826/141826_3T_T1w_MPR1/mri/reg_extracted_orig_nu.nii.gz
1412,MRIQC/sub-HCP-YA-1200-142424/142424_3T_T1w_MPR1/mri/reg_extracted_orig_nu.nii.gz
1413,MRIQC/sub-HCP-YA-1200-142828/142828_3T_T1w_MPR1/mri/reg_extracted_orig_nu.nii.gz
1414,MRIQC/sub-HCP-YA-1200-143224/143224_3T_T1w_MPR1/mri/reg_extracted_orig_nu.nii.gz
1415,MRIQC/sub-HCP-YA-1200-143325/143325_3T_T1w_MPR1/mri/reg_extracted_orig_nu.nii.gz
1416,MRIQC/sub-HCP-YA-1200-143426/143426_3T_T1w_MPR1/mri/reg_extracted_orig_nu.nii.gz
1417,MRIQC/sub-HCP-YA-1200-143527/143527_3T_T1w_MPR1/mri/reg_extracted_orig_nu.nii.gz
1418,MRIQC/sub-HCP-YA-1200-143830/143830_3T_T1w_MPR1/mri/reg_extracted_orig_nu.nii.gz
1419,MRIQC/sub-HCP-YA-1200-144125/144125_3T_T1w_MPR1/mri/reg_extracted_orig_nu.nii.gz
1420,MRIQC/sub-HCP-YA-1200-144226/144226_3T_T1w_MPR1/mri/reg_extracted_orig_nu.nii.gz
1421,MRIQC/sub-HCP-YA-1200-144428/144428_3T_T1w_MPR1/mri/reg_extracted_orig_nu.nii.gz
1422,MRIQC/sub-HCP-YA-1200-144731/144731_3T_T1w_MPR1/mri/reg_extracted_orig_nu.nii.gz
1423,MRIQC/sub-HCP-YA-1200-144832/144832_3T_T1w_MPR1/mri/reg_extracted_orig_nu.nii.gz
1424,MRIQC/sub-HCP-YA-1200-144933/144933_3T_T1w_MPR1/mri/reg_extracted_orig_nu.nii.gz
1425,MRIQC/sub-HCP-YA-1200-145127/145127_3T_T1w_MPR1/mri/reg_extracted_orig_nu.nii.gz
1426,MRIQC/sub-HCP-YA-1200-145531/145531_3T_T1w_MPR1/mri/reg_extracted_orig_nu.nii.gz
1427,MRIQC/sub-HCP-YA-1200-145632/145632_3T_T1w_MPR1/mri/reg_extracted_orig_nu.nii.gz
1428,MRIQC/sub-HCP-YA-1200-145834/145834_3T_T1w_MPR1/mri/reg_extracted_orig_nu.nii.gz
1429,MRIQC/sub-HCP-YA-1200-146129/146129_3T_T1w_MPR1/mri/reg_extracted_orig_nu.nii.gz
1430,MRIQC/sub-HCP-YA-1200-146331/146331_3T_T1w_MPR1/mri/reg_extracted_orig_nu.nii.gz
1431,MRIQC/sub-HCP-YA-1200-146432/146432_3T_T1w_MPR1/mri/reg_extracted_orig_nu.nii.gz
1432,MRIQC/sub-HCP-YA-1200-146533/146533_3T_T1w_MPR1/mri/reg_extracted_orig_nu.nii.gz
1433,MRIQC/sub-HCP-YA-1200-146634/146634_3T_T1w_MPR1/mri/reg_extracted_orig_nu.nii.gz
1434,MRIQC/sub-HCP-YA-1200-146735/146735_3T_T1w_MPR1/mri/reg_extracted_orig_nu.nii.gz
1435,MRIQC/sub-HCP-YA-1200-146836/146836_3T_T1w_MPR1/mri/reg_extracted_orig_nu.nii.gz
1436,MRIQC/sub-HCP-YA-1200-146937/146937_3T_T1w_MPR1/mri/reg_extracted_orig_nu.nii.gz
1437,MRIQC/sub-HCP-YA-1200-147030/147030_3T_T1w_MPR1/mri/reg_extracted_orig_nu.nii.gz
1438,MRIQC/sub-HCP-YA-1200-147636/147636_3T_T1w_MPR1/mri/reg_extracted_orig_nu.nii.gz
1439,MRIQC/sub-HCP-YA-1200-147737/147737_3T_T1w_MPR1/mri/reg_extracted_orig_nu.nii.gz
1440,MRIQC/sub-HCP-YA-1200-148032/148032_3T_T1w_MPR1/mri/reg_extracted_orig_nu.nii.gz
1441,MRIQC/sub-HCP-YA-1200-148133/148133_3T_T1w_MPR1/mri/reg_extracted_orig_nu.nii.gz
1442,MRIQC/sub-HCP-YA-1200-148335/148335_3T_T1w_MPR1/mri/reg_extracted_orig_nu.nii.gz
1443,MRIQC/sub-HCP-YA-1200-148436/148436_3T_T1w_MPR1/mri/reg_extracted_orig_nu.nii.gz
1444,MRIQC/sub-HCP-YA-1200-148840/148840_3T_T1w_MPR1/mri/reg_extracted_orig_nu.nii.gz
1445,MRIQC/sub-HCP-YA-1200-148941/148941_3T_T1w_MPR1/mri/reg_extracted_orig_nu.nii.gz
1446,MRIQC/sub-HCP-YA-1200-149236/149236_3T_T1w_MPR1/mri/reg_extracted_orig_nu.nii.gz
1447,MRIQC/sub-HCP-YA-1200-149337/149337_3T_T1w_MPR1/mri/reg_extracted_orig_nu.nii.gz
1448,MRIQC/sub-HCP-YA-1200-149539/149539_3T_T1w_MPR1/mri/reg_extracted_orig_nu.nii.gz
1449,MRIQC/sub-HCP-YA-1200-149741/149741_3T_T1w_MPR1/mri/reg_extracted_orig_nu.nii.gz
1450,MRIQC/sub-HCP-YA-1200-149842/149842_3T_T1w_MPR1/mri/reg_extracted_orig_nu.nii.gz
1451,MRIQC/sub-HCP-YA-1200-150019/150019_3T_T1w_MPR1/mri/reg_extracted_orig_nu.nii.gz
1452,MRIQC/sub-HCP-YA-1200-150423/150423_3T_T1w_MPR1/mri/reg_extracted_orig_nu.nii.gz
1453,MRIQC/sub-HCP-YA-1200-150524/150524_3T_T1w_MPR1/mri/reg_extracted_orig_nu.nii.gz
1454,MRIQC/sub-HCP-YA-1200-150625/150625_3T_T1w_MPR1/mri/reg_extracted_orig_nu.nii.gz
1455,MRIQC/sub-HCP-YA-1200-150726/150726_3T_T1w_MPR1/mri/reg_extracted_orig_nu.nii.gz
1456,MRIQC/sub-HCP-YA-1200-150928/150928_3T_T1w_MPR1/mri/reg_extracted_orig_nu.nii.gz
1457,MRIQC/sub-HCP-YA-1200-151021/151021_3T_T1w_MPR1/mri/reg_extracted_orig_nu.nii.gz
1458,MRIQC/sub-HCP-YA-1200-151223/151223_3T_T1w_MPR1/mri/reg_extracted_orig_nu.nii.gz
1459,MRIQC/sub-HCP-YA-1200-151324/151324_3T_T1w_MPR1/mri/reg_extracted_orig_nu.nii.gz
1460,MRIQC/sub-HCP-YA-1200-151425/151425_3T_T1w_MPR1/mri/reg_extracted_orig_nu.nii.gz
1461,MRIQC/sub-HCP-YA-1200-151526/151526_3T_T1w_MPR1/mri/reg_extracted_orig_nu.nii.gz
1462,MRIQC/sub-HCP-YA-1200-151627/151627_3T_T1w_MPR1/mri/reg_extracted_orig_nu.nii.gz
1463,MRIQC/sub-HCP-YA-1200-151728/151728_3T_T1w_MPR1/mri/reg_extracted_orig_nu.nii.gz
1464,MRIQC/sub-HCP-YA-1200-151829/151829_3T_T1w_MPR1/mri/reg_extracted_orig_nu.nii.gz
1465,MRIQC/sub-HCP-YA-1200-151930/151930_3T_T1w_MPR1/mri/reg_extracted_orig_nu.nii.gz
1466,MRIQC/sub-HCP-YA-1200-152225/152225_3T_T1w_MPR1/mri/reg_extracted_orig_nu.nii.gz
1467,MRIQC/sub-HCP-YA-1200-152427/152427_3T_T1w_MPR1/mri/reg_extracted_orig_nu.nii.gz
1468,MRIQC/sub-HCP-YA-1200-152831/152831_3T_T1w_MPR1/mri/reg_extracted_orig_nu.nii.gz
1469,MRIQC/sub-HCP-YA-1200-153025/153025_3T_T1w_MPR1/mri/reg_extracted_orig_nu.nii.gz
1470,MRIQC/sub-HCP-YA-1200-153126/153126_3T_T1w_MPR1/mri/reg_extracted_orig_nu.nii.gz
1471,MRIQC/sub-HCP-YA-1200-153227/153227_3T_T1w_MPR1/mri/reg_extracted_orig_nu.nii.gz
1472,MRIQC/sub-HCP-YA-1200-153429/153429_3T_T1w_MPR1/mri/reg_extracted_orig_nu.nii.gz
1473,MRIQC/sub-HCP-YA-1200-153631/153631_3T_T1w_MPR1/mri/reg_extracted_orig_nu.nii.gz
1474,MRIQC/sub-HCP-YA-1200-153732/153732_3T_T1w_MPR1/mri/reg_extracted_orig_nu.nii.gz
1475,MRIQC/sub-HCP-YA-1200-153833/153833_3T_T1w_MPR1/mri/reg_extracted_orig_nu.nii.gz
1476,MRIQC/sub-HCP-YA-1200-153934/153934_3T_T1w_MPR1/mri/reg_extracted_orig_nu.nii.gz
1477,MRIQC/sub-HCP-YA-1200-154229/154229_3T_T1w_MPR1/mri/reg_extracted_orig_nu.nii.gz
1478,MRIQC/sub-HCP-YA-1200-154330/154330_3T_T1w_MPR1/mri/reg_extracted_orig_nu.nii.gz
1479,MRIQC/sub-HCP-YA-1200-154431/154431_3T_T1w_MPR1/mri/reg_extracted_orig_nu.nii.gz
1480,MRIQC/sub-HCP-YA-1200-154532/154532_3T_T1w_MPR1/mri/reg_extracted_orig_nu.nii.gz
1481,MRIQC/sub-HCP-YA-1200-154734/154734_3T_T1w_MPR1/mri/reg_extracted_orig_nu.nii.gz
1482,MRIQC/sub-HCP-YA-1200-154835/154835_3T_T1w_MPR1/mri/reg_extracted_orig_nu.nii.gz
1483,MRIQC/sub-HCP-YA-1200-154936/154936_3T_T1w_MPR1/mri/reg_extracted_orig_nu.nii.gz
1484,MRIQC/sub-HCP-YA-1200-155231/155231_3T_T1w_MPR1/mri/reg_extracted_orig_nu.nii.gz
1485,MRIQC/sub-HCP-YA-1200-155635/155635_3T_T1w_MPR1/mri/reg_extracted_orig_nu.nii.gz
1486,MRIQC/sub-HCP-YA-1200-155938/155938_3T_T1w_MPR1/mri/reg_extracted_orig_nu.nii.gz
1487,MRIQC/sub-HCP-YA-1200-156031/156031_3T_T1w_MPR1/mri/reg_extracted_orig_nu.nii.gz
1488,MRIQC/sub-HCP-YA-1200-156233/156233_3T_T1w_MPR1/mri/reg_extracted_orig_nu.nii.gz
1489,MRIQC/sub-HCP-YA-1200-156334/156334_3T_T1w_MPR1/mri/reg_extracted_orig_nu.nii.gz
1490,MRIQC/sub-HCP-YA-1200-156435/156435_3T_T1w_MPR1/mri/reg_extracted_orig_nu.nii.gz
1491,MRIQC/sub-HCP-YA-1200-156536/156536_3T_T1w_MPR1/mri/reg_extracted_orig_nu.nii.gz
1492,MRIQC/sub-HCP-YA-1200-156637/156637_3T_T1w_MPR1/mri/reg_extracted_orig_nu.nii.gz
1493,MRIQC/sub-HCP-YA-1200-157336/157336_3T_T1w_MPR1/mri/reg_extracted_orig_nu.nii.gz
1494,MRIQC/sub-HCP-YA-1200-157437/157437_3T_T1w_MPR1/mri/reg_extracted_orig_nu.nii.gz
1495,MRIQC/sub-HCP-YA-1200-157942/157942_3T_T1w_MPR1/mri/reg_extracted_orig_nu.nii.gz
1496,MRIQC/sub-HCP-YA-1200-158035/158035_3T_T1w_MPR1/mri/reg_extracted_orig_nu.nii.gz
1497,MRIQC/sub-HCP-YA-1200-158136/158136_3T_T1w_MPR1/mri/reg_extracted_orig_nu.nii.gz
1498,MRIQC/sub-HCP-YA-1200-158338/158338_3T_T1w_MPR1/mri/reg_extracted_orig_nu.nii.gz
1499,MRIQC/sub-HCP-YA-1200-158540/158540_3T_T1w_MPR1/mri/reg_extracted_orig_nu.nii.gz
1500,MRIQC/sub-HCP-YA-1200-158843/158843_3T_T1w_MPR1/mri/reg_extracted_orig_nu.nii.gz
1501,MRIQC/sub-HCP-YA-1200-159138/159138_3T_T1w_MPR1/mri/reg_extracted_orig_nu.nii.gz
1502,MRIQC/sub-HCP-YA-1200-159239/159239_3T_T1w_MPR1/mri/reg_extracted_orig_nu.nii.gz
1503,MRIQC/sub-HCP-YA-1200-159340/159340_3T_T1w_MPR1/mri/reg_extracted_orig_nu.nii.gz
1504,MRIQC/sub-HCP-YA-1200-159441/159441_3T_T1w_MPR1/mri/reg_extracted_orig_nu.nii.gz
1505,MRIQC/sub-HCP-YA-1200-159744/159744_3T_T1w_MPR1/mri/reg_extracted_orig_nu.nii.gz
1506,MRIQC/sub-HCP-YA-1200-159845/159845_3T_T1w_MPR1/mri/reg_extracted_orig_nu.nii.gz
1507,MRIQC/sub-HCP-YA-1200-159946/159946_3T_T1w_MPR1/mri/reg_extracted_orig_nu.nii.gz
1508,MRIQC/sub-HCP-YA-1200-160123/160123_3T_T1w_MPR1/mri/reg_extracted_orig_nu.nii.gz
1509,MRIQC/sub-HCP-YA-1200-160729/160729_3T_T1w_MPR1/mri/reg_extracted_orig_nu.nii.gz
1510,MRIQC/sub-HCP-YA-1200-160830/160830_3T_T1w_MPR1/mri/reg_extracted_orig_nu.nii.gz
1511,MRIQC/sub-HCP-YA-1200-160931/160931_3T_T1w_MPR1/mri/reg_extracted_orig_nu.nii.gz
1512,MRIQC/sub-HCP-YA-1200-161327/161327_3T_T1w_MPR1/mri/reg_extracted_orig_nu.nii.gz
1513,MRIQC/sub-HCP-YA-1200-161630/161630_3T_T1w_MPR1/mri/reg_extracted_orig_nu.nii.gz
1514,MRIQC/sub-HCP-YA-1200-161731/161731_3T_T1w_MPR1/mri/reg_extracted_orig_nu.nii.gz
1515,MRIQC/sub-HCP-YA-1200-161832/161832_3T_T1w_MPR1/mri/reg_extracted_orig_nu.nii.gz
1516,MRIQC/sub-HCP-YA-1200-162026/162026_3T_T1w_MPR1/mri/reg_extracted_orig_nu.nii.gz
1517,MRIQC/sub-HCP-YA-1200-162228/162228_3T_T1w_MPR1/mri/reg_extracted_orig_nu.nii.gz
1518,MRIQC/sub-HCP-YA-1200-162329/162329_3T_T1w_MPR1/mri/reg_extracted_orig_nu.nii.gz
1519,MRIQC/sub-HCP-YA-1200-162733/162733_3T_T1w_MPR1/mri/reg_extracted_orig_nu.nii.gz
1520,MRIQC/sub-HCP-YA-1200-162935/162935_3T_T1w_MPR1/mri/reg_extracted_orig_nu.nii.gz
1521,MRIQC/sub-HCP-YA-1200-163129/163129_3T_T1w_MPR1/mri/reg_extracted_orig_nu.nii.gz
1522,MRIQC/sub-HCP-YA-1200-163331/163331_3T_T1w_MPR1/mri/reg_extracted_orig_nu.nii.gz
1523,MRIQC/sub-HCP-YA-1200-163432/163432_3T_T1w_MPR1/mri/reg_extracted_orig_nu.nii.gz
1524,MRIQC/sub-HCP-YA-1200-163836/163836_3T_T1w_MPR1/mri/reg_extracted_orig_nu.nii.gz
1525,MRIQC/sub-HCP-YA-1200-164030/164030_3T_T1w_MPR1/mri/reg_extracted_orig_nu.nii.gz
1526,MRIQC/sub-HCP-YA-1200-164131/164131_3T_T1w_MPR1/mri/reg_extracted_orig_nu.nii.gz
1527,MRIQC/sub-HCP-YA-1200-164636/164636_3T_T1w_MPR1/mri/reg_extracted_orig_nu.nii.gz
1528,MRIQC/sub-HCP-YA-1200-164939/164939_3T_T1w_MPR1/mri/reg_extracted_orig_nu.nii.gz
1529,MRIQC/sub-HCP-YA-1200-165032/165032_3T_T1w_MPR1/mri/reg_extracted_orig_nu.nii.gz
1530,MRIQC/sub-HCP-YA-1200-165234/165234_3T_T1w_MPR1/mri/reg_extracted_orig_nu.nii.gz
1531,MRIQC/sub-HCP-YA-1200-165436/165436_3T_T1w_MPR1/mri/reg_extracted_orig_nu.nii.gz
1532,MRIQC/sub-HCP-YA-1200-165638/165638_3T_T1w_MPR1/mri/reg_extracted_orig_nu.nii.gz
1533,MRIQC/sub-HCP-YA-1200-165840/165840_3T_T1w_MPR1/mri/reg_extracted_orig_nu.nii.gz
1534,MRIQC/sub-HCP-YA-1200-165941/165941_3T_T1w_MPR1/mri/reg_extracted_orig_nu.nii.gz
1535,MRIQC/sub-HCP-YA-1200-166438/166438_3T_T1w_MPR1/mri/reg_extracted_orig_nu.nii.gz
1536,MRIQC/sub-HCP-YA-1200-166640/166640_3T_T1w_MPR1/mri/reg_extracted_orig_nu.nii.gz
1537,MRIQC/sub-HCP-YA-1200-167036/167036_3T_T1w_MPR1/mri/reg_extracted_orig_nu.nii.gz
1538,MRIQC/sub-HCP-YA-1200-167238/167238_3T_T1w_MPR1/mri/reg_extracted_orig_nu.nii.gz
1539,MRIQC/sub-HCP-YA-1200-167440/167440_3T_T1w_MPR1/mri/reg_extracted_orig_nu.nii.gz
1540,MRIQC/sub-HCP-YA-1200-167743/167743_3T_T1w_MPR1/mri/reg_extracted_orig_nu.nii.gz
1541,MRIQC/sub-HCP-YA-1200-168038/168038_3T_T1w_MPR1/mri/reg_extracted_orig_nu.nii.gz
1542,MRIQC/sub-HCP-YA-1200-168139/168139_3T_T1w_MPR1/mri/reg_extracted_orig_nu.nii.gz
1543,MRIQC/sub-HCP-YA-1200-168240/168240_3T_T1w_MPR1/mri/reg_extracted_orig_nu.nii.gz
1544,MRIQC/sub-HCP-YA-1200-168341/168341_3T_T1w_MPR1/mri/reg_extracted_orig_nu.nii.gz
1545,MRIQC/sub-HCP-YA-1200-168745/168745_3T_T1w_MPR1/mri/reg_extracted_orig_nu.nii.gz
1546,MRIQC/sub-HCP-YA-1200-168947/168947_3T_T1w_MPR1/mri/reg_extracted_orig_nu.nii.gz
1547,MRIQC/sub-HCP-YA-1200-169040/169040_3T_T1w_MPR1/mri/reg_extracted_orig_nu.nii.gz
1548,MRIQC/sub-HCP-YA-1200-169141/169141_3T_T1w_MPR1/mri/reg_extracted_orig_nu.nii.gz
1549,MRIQC/sub-HCP-YA-1200-169343/169343_3T_T1w_MPR1/mri/reg_extracted_orig_nu.nii.gz
1550,MRIQC/sub-HCP-YA-1200-169444/169444_3T_T1w_MPR1/mri/reg_extracted_orig_nu.nii.gz
1551,MRIQC/sub-HCP-YA-1200-169545/169545_3T_T1w_MPR1/mri/reg_extracted_orig_nu.nii.gz
1552,MRIQC/sub-HCP-YA-1200-169747/169747_3T_T1w_MPR1/mri/reg_extracted_orig_nu.nii.gz
1553,MRIQC/sub-HCP-YA-1200-169949/169949_3T_T1w_MPR1/mri/reg_extracted_orig_nu.nii.gz
1554,MRIQC/sub-HCP-YA-1200-170631/170631_3T_T1w_MPR1/mri/reg_extracted_orig_nu.nii.gz
1555,MRIQC/sub-HCP-YA-1200-170934/170934_3T_T1w_MPR1/mri/reg_extracted_orig_nu.nii.gz
1556,MRIQC/sub-HCP-YA-1200-171128/171128_3T_T1w_MPR1/mri/reg_extracted_orig_nu.nii.gz
1557,MRIQC/sub-HCP-YA-1200-171330/171330_3T_T1w_MPR1/mri/reg_extracted_orig_nu.nii.gz
1558,MRIQC/sub-HCP-YA-1200-171431/171431_3T_T1w_MPR1/mri/reg_extracted_orig_nu.nii.gz
1559,MRIQC/sub-HCP-YA-1200-171532/171532_3T_T1w_MPR1/mri/reg_extracted_orig_nu.nii.gz
1560,MRIQC/sub-HCP-YA-1200-171633/171633_3T_T1w_MPR1/mri/reg_extracted_orig_nu.nii.gz
1561,MRIQC/sub-HCP-YA-1200-171734/171734_3T_T1w_MPR1/mri/reg_extracted_orig_nu.nii.gz
1562,MRIQC/sub-HCP-YA-1200-172029/172029_3T_T1w_MPR1/mri/reg_extracted_orig_nu.nii.gz
1563,MRIQC/sub-HCP-YA-1200-172130/172130_3T_T1w_MPR1/mri/reg_extracted_orig_nu.nii.gz
1564,MRIQC/sub-HCP-YA-1200-172332/172332_3T_T1w_MPR1/mri/reg_extracted_orig_nu.nii.gz
1565,MRIQC/sub-HCP-YA-1200-172433/172433_3T_T1w_MPR1/mri/reg_extracted_orig_nu.nii.gz
1566,MRIQC/sub-HCP-YA-1200-172534/172534_3T_T1w_MPR1/mri/reg_extracted_orig_nu.nii.gz
1567,MRIQC/sub-HCP-YA-1200-172635/172635_3T_T1w_MPR1/mri/reg_extracted_orig_nu.nii.gz
1568,MRIQC/sub-HCP-YA-1200-172938/172938_3T_T1w_MPR1/mri/reg_extracted_orig_nu.nii.gz
1569,MRIQC/sub-HCP-YA-1200-173132/173132_3T_T1w_MPR1/mri/reg_extracted_orig_nu.nii.gz
1570,MRIQC/sub-HCP-YA-1200-173233/173233_3T_T1w_MPR1/mri/reg_extracted_orig_nu.nii.gz
1571,MRIQC/sub-HCP-YA-1200-173334/173334_3T_T1w_MPR1/mri/reg_extracted_orig_nu.nii.gz
1572,MRIQC/sub-HCP-YA-1200-173435/173435_3T_T1w_MPR1/mri/reg_extracted_orig_nu.nii.gz
1573,MRIQC/sub-HCP-YA-1200-173536/173536_3T_T1w_MPR1/mri/reg_extracted_orig_nu.nii.gz
1574,MRIQC/sub-HCP-YA-1200-173637/173637_3T_T1w_MPR1/mri/reg_extracted_orig_nu.nii.gz
1575,MRIQC/sub-HCP-YA-1200-173738/173738_3T_T1w_MPR1/mri/reg_extracted_orig_nu.nii.gz
1576,MRIQC/sub-HCP-YA-1200-173839/173839_3T_T1w_MPR1/mri/reg_extracted_orig_nu.nii.gz
1577,MRIQC/sub-HCP-YA-1200-173940/173940_3T_T1w_MPR1/mri/reg_extracted_orig_nu.nii.gz
1578,MRIQC/sub-HCP-YA-1200-174437/174437_3T_T1w_MPR1/mri/reg_extracted_orig_nu.nii.gz
1579,MRIQC/sub-HCP-YA-1200-174841/174841_3T_T1w_MPR1/mri/reg_extracted_orig_nu.nii.gz
1580,MRIQC/sub-HCP-YA-1200-175035/175035_3T_T1w_MPR1/mri/reg_extracted_orig_nu.nii.gz
1581,MRIQC/sub-HCP-YA-1200-175136/175136_3T_T1w_MPR1/mri/reg_extracted_orig_nu.nii.gz
1582,MRIQC/sub-HCP-YA-1200-175237/175237_3T_T1w_MPR1/mri/reg_extracted_orig_nu.nii.gz
1583,MRIQC/sub-HCP-YA-1200-175338/175338_3T_T1w_MPR1/mri/reg_extracted_orig_nu.nii.gz
1584,MRIQC/sub-HCP-YA-1200-175439/175439_3T_T1w_MPR1/mri/reg_extracted_orig_nu.nii.gz
1585,MRIQC/sub-HCP-YA-1200-175540/175540_3T_T1w_MPR1/mri/reg_extracted_orig_nu.nii.gz
1586,MRIQC/sub-HCP-YA-1200-175742/175742_3T_T1w_MPR1/mri/reg_extracted_orig_nu.nii.gz
1587,MRIQC/sub-HCP-YA-1200-176037/176037_3T_T1w_MPR1/mri/reg_extracted_orig_nu.nii.gz
1588,MRIQC/sub-HCP-YA-1200-176239/176239_3T_T1w_MPR1/mri/reg_extracted_orig_nu.nii.gz
1589,MRIQC/sub-HCP-YA-1200-176441/176441_3T_T1w_MPR1/mri/reg_extracted_orig_nu.nii.gz
1590,MRIQC/sub-HCP-YA-1200-176542/176542_3T_T1w_MPR1/mri/reg_extracted_orig_nu.nii.gz
1591,MRIQC/sub-HCP-YA-1200-176744/176744_3T_T1w_MPR1/mri/reg_extracted_orig_nu.nii.gz
1592,MRIQC/sub-HCP-YA-1200-176845/176845_3T_T1w_MPR1/mri/reg_extracted_orig_nu.nii.gz
1593,MRIQC/sub-HCP-YA-1200-177140/177140_3T_T1w_MPR1/mri/reg_extracted_orig_nu.nii.gz
1594,MRIQC/sub-HCP-YA-1200-177241/177241_3T_T1w_MPR1/mri/reg_extracted_orig_nu.nii.gz
1595,MRIQC/sub-HCP-YA-1200-177342/177342_3T_T1w_MPR1/mri/reg_extracted_orig_nu.nii.gz
1596,MRIQC/sub-HCP-YA-1200-177645/177645_3T_T1w_MPR1/mri/reg_extracted_orig_nu.nii.gz
1597,MRIQC/sub-HCP-YA-1200-177746/177746_3T_T1w_MPR1/mri/reg_extracted_orig_nu.nii.gz
1598,MRIQC/sub-HCP-YA-1200-178142/178142_3T_T1w_MPR1/mri/reg_extracted_orig_nu.nii.gz
1599,MRIQC/sub-HCP-YA-1200-178243/178243_3T_T1w_MPR1/mri/reg_extracted_orig_nu.nii.gz
1600,MRIQC/sub-HCP-YA-1200-178647/178647_3T_T1w_MPR1/mri/reg_extracted_orig_nu.nii.gz
1601,MRIQC/sub-HCP-YA-1200-178748/178748_3T_T1w_MPR1/mri/reg_extracted_orig_nu.nii.gz
1602,MRIQC/sub-HCP-YA-1200-178849/178849_3T_T1w_MPR1/mri/reg_extracted_orig_nu.nii.gz
1603,MRIQC/sub-HCP-YA-1200-178950/178950_3T_T1w_MPR1/mri/reg_extracted_orig_nu.nii.gz
1604,MRIQC/sub-HCP-YA-1200-179245/179245_3T_T1w_MPR1/mri/reg_extracted_orig_nu.nii.gz
1605,MRIQC/sub-HCP-YA-1200-179346/179346_3T_T1w_MPR1/mri/reg_extracted_orig_nu.nii.gz
1606,MRIQC/sub-HCP-YA-1200-179548/179548_3T_T1w_MPR1/mri/reg_extracted_orig_nu.nii.gz
1607,MRIQC/sub-HCP-YA-1200-179952/179952_3T_T1w_MPR1/mri/reg_extracted_orig_nu.nii.gz
1608,MRIQC/sub-HCP-YA-1200-180129/180129_3T_T1w_MPR1/mri/reg_extracted_orig_nu.nii.gz
1609,MRIQC/sub-HCP-YA-1200-180230/180230_3T_T1w_MPR1/mri/reg_extracted_orig_nu.nii.gz
1610,MRIQC/sub-HCP-YA-1200-180432/180432_3T_T1w_MPR1/mri/reg_extracted_orig_nu.nii.gz
1611,MRIQC/sub-HCP-YA-1200-180533/180533_3T_T1w_MPR1/mri/reg_extracted_orig_nu.nii.gz
1612,MRIQC/sub-HCP-YA-1200-180735/180735_3T_T1w_MPR1/mri/reg_extracted_orig_nu.nii.gz
1613,MRIQC/sub-HCP-YA-1200-180836/180836_3T_T1w_MPR1/mri/reg_extracted_orig_nu.nii.gz
1614,MRIQC/sub-HCP-YA-1200-180937/180937_3T_T1w_MPR1/mri/reg_extracted_orig_nu.nii.gz
1615,MRIQC/sub-HCP-YA-1200-181131/181131_3T_T1w_MPR1/mri/reg_extracted_orig_nu.nii.gz
1616,MRIQC/sub-HCP-YA-1200-181232/181232_3T_T1w_MPR1/mri/reg_extracted_orig_nu.nii.gz
1617,MRIQC/sub-HCP-YA-1200-181636/181636_3T_T1w_MPR1/mri/reg_extracted_orig_nu.nii.gz
1618,MRIQC/sub-HCP-YA-1200-182032/182032_3T_T1w_MPR1/mri/reg_extracted_orig_nu.nii.gz
1619,MRIQC/sub-HCP-YA-1200-182436/182436_3T_T1w_MPR1/mri/reg_extracted_orig_nu.nii.gz
1620,MRIQC/sub-HCP-YA-1200-182739/182739_3T_T1w_MPR1/mri/reg_extracted_orig_nu.nii.gz
1621,MRIQC/sub-HCP-YA-1200-182840/182840_3T_T1w_MPR1/mri/reg_extracted_orig_nu.nii.gz
1622,MRIQC/sub-HCP-YA-1200-183034/183034_3T_T1w_MPR1/mri/reg_extracted_orig_nu.nii.gz
1623,MRIQC/sub-HCP-YA-1200-183337/183337_3T_T1w_MPR1/mri/reg_extracted_orig_nu.nii.gz
1624,MRIQC/sub-HCP-YA-1200-183741/183741_3T_T1w_MPR1/mri/reg_extracted_orig_nu.nii.gz
1625,MRIQC/sub-HCP-YA-1200-185038/185038_3T_T1w_MPR1/mri/reg_extracted_orig_nu.nii.gz
1626,MRIQC/sub-HCP-YA-1200-185139/185139_3T_T1w_MPR1/mri/reg_extracted_orig_nu.nii.gz
1627,MRIQC/sub-HCP-YA-1200-185341/185341_3T_T1w_MPR1/mri/reg_extracted_orig_nu.nii.gz
1628,MRIQC/sub-HCP-YA-1200-185442/185442_3T_T1w_MPR1/mri/reg_extracted_orig_nu.nii.gz
1629,MRIQC/sub-HCP-YA-1200-185846/185846_3T_T1w_MPR1/mri/reg_extracted_orig_nu.nii.gz
1630,MRIQC/sub-HCP-YA-1200-185947/185947_3T_T1w_MPR1/mri/reg_extracted_orig_nu.nii.gz
1631,MRIQC/sub-HCP-YA-1200-186040/186040_3T_T1w_MPR1/mri/reg_extracted_orig_nu.nii.gz
1632,MRIQC/sub-HCP-YA-1200-186141/186141_3T_T1w_MPR1/mri/reg_extracted_orig_nu.nii.gz
1633,MRIQC/sub-HCP-YA-1200-186444/186444_3T_T1w_MPR1/mri/reg_extracted_orig_nu.nii.gz
1634,MRIQC/sub-HCP-YA-1200-186545/186545_3T_T1w_MPR1/mri/reg_extracted_orig_nu.nii.gz
1635,MRIQC/sub-HCP-YA-1200-186848/186848_3T_T1w_MPR1/mri/reg_extracted_orig_nu.nii.gz
1636,MRIQC/sub-HCP-YA-1200-186949/186949_3T_T1w_MPR1/mri/reg_extracted_orig_nu.nii.gz
1637,MRIQC/sub-HCP-YA-1200-187143/187143_3T_T1w_MPR1/mri/reg_extracted_orig_nu.nii.gz
1638,MRIQC/sub-HCP-YA-1200-187345/187345_3T_T1w_MPR1/mri/reg_extracted_orig_nu.nii.gz
1639,MRIQC/sub-HCP-YA-1200-187547/187547_3T_T1w_MPR1/mri/reg_extracted_orig_nu.nii.gz
1640,MRIQC/sub-HCP-YA-1200-187850/187850_3T_T1w_MPR1/mri/reg_extracted_orig_nu.nii.gz
1641,MRIQC/sub-HCP-YA-1200-188145/188145_3T_T1w_MPR1/mri/reg_extracted_orig_nu.nii.gz
1642,MRIQC/sub-HCP-YA-1200-188347/188347_3T_T1w_MPR1/mri/reg_extracted_orig_nu.nii.gz
1643,MRIQC/sub-HCP-YA-1200-188448/188448_3T_T1w_MPR1/mri/reg_extracted_orig_nu.nii.gz
1644,MRIQC/sub-HCP-YA-1200-188549/188549_3T_T1w_MPR1/mri/reg_extracted_orig_nu.nii.gz
1645,MRIQC/sub-HCP-YA-1200-188751/188751_3T_T1w_MPR1/mri/reg_extracted_orig_nu.nii.gz
1646,MRIQC/sub-HCP-YA-1200-189349/189349_3T_T1w_MPR1/mri/reg_extracted_orig_nu.nii.gz
1647,MRIQC/sub-HCP-YA-1200-189450/189450_3T_T1w_MPR1/mri/reg_extracted_orig_nu.nii.gz
1648,MRIQC/sub-HCP-YA-1200-189652/189652_3T_T1w_MPR1/mri/reg_extracted_orig_nu.nii.gz
1649,MRIQC/sub-HCP-YA-1200-190031/190031_3T_T1w_MPR1/mri/reg_extracted_orig_nu.nii.gz
1650,MRIQC/sub-HCP-YA-1200-190132/190132_3T_T1w_MPR1/mri/reg_extracted_orig_nu.nii.gz
1651,MRIQC/sub-HCP-YA-1200-191033/191033_3T_T1w_MPR1/mri/reg_extracted_orig_nu.nii.gz
1652,MRIQC/sub-HCP-YA-1200-191235/191235_3T_T1w_MPR1/mri/reg_extracted_orig_nu.nii.gz
1653,MRIQC/sub-HCP-YA-1200-191336/191336_3T_T1w_MPR1/mri/reg_extracted_orig_nu.nii.gz
1654,MRIQC/sub-HCP-YA-1200-191437/191437_3T_T1w_MPR1/mri/reg_extracted_orig_nu.nii.gz
1655,MRIQC/sub-HCP-YA-1200-191841/191841_3T_T1w_MPR1/mri/reg_extracted_orig_nu.nii.gz
1656,MRIQC/sub-HCP-YA-1200-191942/191942_3T_T1w_MPR1/mri/reg_extracted_orig_nu.nii.gz
1657,MRIQC/sub-HCP-YA-1200-192035/192035_3T_T1w_MPR1/mri/reg_extracted_orig_nu.nii.gz
1658,MRIQC/sub-HCP-YA-1200-192136/192136_3T_T1w_MPR1/mri/reg_extracted_orig_nu.nii.gz
1659,MRIQC/sub-HCP-YA-1200-192237/192237_3T_T1w_MPR1/mri/reg_extracted_orig_nu.nii.gz
1660,MRIQC/sub-HCP-YA-1200-192439/192439_3T_T1w_MPR1/mri/reg_extracted_orig_nu.nii.gz
1661,MRIQC/sub-HCP-YA-1200-192540/192540_3T_T1w_MPR1/mri/reg_extracted_orig_nu.nii.gz
1662,MRIQC/sub-HCP-YA-1200-192641/192641_3T_T1w_MPR1/mri/reg_extracted_orig_nu.nii.gz
1663,MRIQC/sub-HCP-YA-1200-192843/192843_3T_T1w_MPR1/mri/reg_extracted_orig_nu.nii.gz
1664,MRIQC/sub-HCP-YA-1200-193239/193239_3T_T1w_MPR1/mri/reg_extracted_orig_nu.nii.gz
1665,MRIQC/sub-HCP-YA-1200-193441/193441_3T_T1w_MPR1/mri/reg_extracted_orig_nu.nii.gz
1666,MRIQC/sub-HCP-YA-1200-193845/193845_3T_T1w_MPR1/mri/reg_extracted_orig_nu.nii.gz
1667,MRIQC/sub-HCP-YA-1200-194140/194140_3T_T1w_MPR1/mri/reg_extracted_orig_nu.nii.gz
1668,MRIQC/sub-HCP-YA-1200-194443/194443_3T_T1w_MPR1/mri/reg_extracted_orig_nu.nii.gz
1669,MRIQC/sub-HCP-YA-1200-194645/194645_3T_T1w_MPR1/mri/reg_extracted_orig_nu.nii.gz
1670,MRIQC/sub-HCP-YA-1200-194746/194746_3T_T1w_MPR1/mri/reg_extracted_orig_nu.nii.gz
1671,MRIQC/sub-HCP-YA-1200-194847/194847_3T_T1w_MPR1/mri/reg_extracted_orig_nu.nii.gz
1672,MRIQC/sub-HCP-YA-1200-195041/195041_3T_T1w_MPR1/mri/reg_extracted_orig_nu.nii.gz
1673,MRIQC/sub-HCP-YA-1200-195445/195445_3T_T1w_MPR1/mri/reg_extracted_orig_nu.nii.gz
1674,MRIQC/sub-HCP-YA-1200-195647/195647_3T_T1w_MPR1/mri/reg_extracted_orig_nu.nii.gz
1675,MRIQC/sub-HCP-YA-1200-195849/195849_3T_T1w_MPR1/mri/reg_extracted_orig_nu.nii.gz
1676,MRIQC/sub-HCP-YA-1200-195950/195950_3T_T1w_MPR1/mri/reg_extracted_orig_nu.nii.gz
1677,MRIQC/sub-HCP-YA-1200-196144/196144_3T_T1w_MPR1/mri/reg_extracted_orig_nu.nii.gz
1678,MRIQC/sub-HCP-YA-1200-196346/196346_3T_T1w_MPR1/mri/reg_extracted_orig_nu.nii.gz
1679,MRIQC/sub-HCP-YA-1200-196750/196750_3T_T1w_MPR1/mri/reg_extracted_orig_nu.nii.gz
1680,MRIQC/sub-HCP-YA-1200-196851/196851_3T_T1w_MPR1/mri/reg_extracted_orig_nu.nii.gz
1681,MRIQC/sub-HCP-YA-1200-196952/196952_3T_T1w_MPR1/mri/reg_extracted_orig_nu.nii.gz
1682,MRIQC/sub-HCP-YA-1200-197348/197348_3T_T1w_MPR1/mri/reg_extracted_orig_nu.nii.gz
1683,MRIQC/sub-HCP-YA-1200-197449/197449_3T_T1w_MPR1/mri/reg_extracted_orig_nu.nii.gz
1684,MRIQC/sub-HCP-YA-1200-197550/197550_3T_T1w_MPR1/mri/reg_extracted_orig_nu.nii.gz
1685,MRIQC/sub-HCP-YA-1200-197651/197651_3T_T1w_MPR1/mri/reg_extracted_orig_nu.nii.gz
1686,MRIQC/sub-HCP-YA-1200-198047/198047_3T_T1w_MPR1/mri/reg_extracted_orig_nu.nii.gz
1687,MRIQC/sub-HCP-YA-1200-198249/198249_3T_T1w_MPR1/mri/reg_extracted_orig_nu.nii.gz
1688,MRIQC/sub-HCP-YA-1200-198350/198350_3T_T1w_MPR1/mri/reg_extracted_orig_nu.nii.gz
1689,MRIQC/sub-HCP-YA-1200-198451/198451_3T_T1w_MPR1/mri/reg_extracted_orig_nu.nii.gz
1690,MRIQC/sub-HCP-YA-1200-198653/198653_3T_T1w_MPR1/mri/reg_extracted_orig_nu.nii.gz
1691,MRIQC/sub-HCP-YA-1200-198855/198855_3T_T1w_MPR1/mri/reg_extracted_orig_nu.nii.gz
1692,MRIQC/sub-HCP-YA-1200-199150/199150_3T_T1w_MPR1/mri/reg_extracted_orig_nu.nii.gz
1693,MRIQC/sub-HCP-YA-1200-199251/199251_3T_T1w_MPR1/mri/reg_extracted_orig_nu.nii.gz
1694,MRIQC/sub-HCP-YA-1200-199352/199352_3T_T1w_MPR1/mri/reg_extracted_orig_nu.nii.gz
1695,MRIQC/sub-HCP-YA-1200-199453/199453_3T_T1w_MPR1/mri/reg_extracted_orig_nu.nii.gz
1696,MRIQC/sub-HCP-YA-1200-199655/199655_3T_T1w_MPR1/mri/reg_extracted_orig_nu.nii.gz
1697,MRIQC/sub-HCP-YA-1200-199958/199958_3T_T1w_MPR1/mri/reg_extracted_orig_nu.nii.gz
1698,MRIQC/sub-HCP-YA-1200-200008/200008_3T_T1w_MPR1/mri/reg_extracted_orig_nu.nii.gz
1699,MRIQC/sub-HCP-YA-1200-200109/200109_3T_T1w_MPR1/mri/reg_extracted_orig_nu.nii.gz
1700,MRIQC/sub-HCP-YA-1200-200210/200210_3T_T1w_MPR1/mri/reg_extracted_orig_nu.nii.gz
1701,MRIQC/sub-HCP-YA-1200-200311/200311_3T_T1w_MPR1/mri/reg_extracted_orig_nu.nii.gz
1702,MRIQC/sub-HCP-YA-1200-200513/200513_3T_T1w_MPR1/mri/reg_extracted_orig_nu.nii.gz
1703,MRIQC/sub-HCP-YA-1200-200614/200614_3T_T1w_MPR1/mri/reg_extracted_orig_nu.nii.gz
1704,MRIQC/sub-HCP-YA-1200-200917/200917_3T_T1w_MPR1/mri/reg_extracted_orig_nu.nii.gz
1705,MRIQC/sub-HCP-YA-1200-201111/201111_3T_T1w_MPR1/mri/reg_extracted_orig_nu.nii.gz
1706,MRIQC/sub-HCP-YA-1200-201414/201414_3T_T1w_MPR1/mri/reg_extracted_orig_nu.nii.gz
1707,MRIQC/sub-HCP-YA-1200-201515/201515_3T_T1w_MPR1/mri/reg_extracted_orig_nu.nii.gz
1708,MRIQC/sub-HCP-YA-1200-201717/201717_3T_T1w_MPR1/mri/reg_extracted_orig_nu.nii.gz
1709,MRIQC/sub-HCP-YA-1200-201818/201818_3T_T1w_MPR1/mri/reg_extracted_orig_nu.nii.gz
1710,MRIQC/sub-HCP-YA-1200-202113/202113_3T_T1w_MPR1/mri/reg_extracted_orig_nu.nii.gz
1711,MRIQC/sub-HCP-YA-1200-202719/202719_3T_T1w_MPR1/mri/reg_extracted_orig_nu.nii.gz
1712,MRIQC/sub-HCP-YA-1200-202820/202820_3T_T1w_MPR1/mri/reg_extracted_orig_nu.nii.gz
1713,MRIQC/sub-HCP-YA-1200-203418/203418_3T_T1w_MPR1/mri/reg_extracted_orig_nu.nii.gz
1714,MRIQC/sub-HCP-YA-1200-203721/203721_3T_T1w_MPR1/mri/reg_extracted_orig_nu.nii.gz
1715,MRIQC/sub-HCP-YA-1200-203923/203923_3T_T1w_MPR1/mri/reg_extracted_orig_nu.nii.gz
1716,MRIQC/sub-HCP-YA-1200-204016/204016_3T_T1w_MPR1/mri/reg_extracted_orig_nu.nii.gz
1717,MRIQC/sub-HCP-YA-1200-204218/204218_3T_T1w_MPR1/mri/reg_extracted_orig_nu.nii.gz
1718,MRIQC/sub-HCP-YA-1200-204319/204319_3T_T1w_MPR1/mri/reg_extracted_orig_nu.nii.gz
1719,MRIQC/sub-HCP-YA-1200-204420/204420_3T_T1w_MPR1/mri/reg_extracted_orig_nu.nii.gz
1720,MRIQC/sub-HCP-YA-1200-204521/204521_3T_T1w_MPR1/mri/reg_extracted_orig_nu.nii.gz
1721,MRIQC/sub-HCP-YA-1200-204622/204622_3T_T1w_MPR1/mri/reg_extracted_orig_nu.nii.gz
1722,MRIQC/sub-HCP-YA-1200-205119/205119_3T_T1w_MPR1/mri/reg_extracted_orig_nu.nii.gz
1723,MRIQC/sub-HCP-YA-1200-205220/205220_3T_T1w_MPR1/mri/reg_extracted_orig_nu.nii.gz
1724,MRIQC/sub-HCP-YA-1200-205725/205725_3T_T1w_MPR1/mri/reg_extracted_orig_nu.nii.gz
1725,MRIQC/sub-HCP-YA-1200-205826/205826_3T_T1w_MPR1/mri/reg_extracted_orig_nu.nii.gz
1726,MRIQC/sub-HCP-YA-1200-206222/206222_3T_T1w_MPR1/mri/reg_extracted_orig_nu.nii.gz
1727,MRIQC/sub-HCP-YA-1200-206323/206323_3T_T1w_MPR1/mri/reg_extracted_orig_nu.nii.gz
1728,MRIQC/sub-HCP-YA-1200-206525/206525_3T_T1w_MPR1/mri/reg_extracted_orig_nu.nii.gz
1729,MRIQC/sub-HCP-YA-1200-206727/206727_3T_T1w_MPR1/mri/reg_extracted_orig_nu.nii.gz
1730,MRIQC/sub-HCP-YA-1200-206828/206828_3T_T1w_MPR1/mri/reg_extracted_orig_nu.nii.gz
1731,MRIQC/sub-HCP-YA-1200-206929/206929_3T_T1w_MPR1/mri/reg_extracted_orig_nu.nii.gz
1732,MRIQC/sub-HCP-YA-1200-207123/207123_3T_T1w_MPR1/mri/reg_extracted_orig_nu.nii.gz
1733,MRIQC/sub-HCP-YA-1200-207426/207426_3T_T1w_MPR1/mri/reg_extracted_orig_nu.nii.gz
1734,MRIQC/sub-HCP-YA-1200-207628/207628_3T_T1w_MPR1/mri/reg_extracted_orig_nu.nii.gz
1735,MRIQC/sub-HCP-YA-1200-208024/208024_3T_T1w_MPR1/mri/reg_extracted_orig_nu.nii.gz
1736,MRIQC/sub-HCP-YA-1200-208125/208125_3T_T1w_MPR1/mri/reg_extracted_orig_nu.nii.gz
1737,MRIQC/sub-HCP-YA-1200-208226/208226_3T_T1w_MPR1/mri/reg_extracted_orig_nu.nii.gz
1738,MRIQC/sub-HCP-YA-1200-208327/208327_3T_T1w_MPR1/mri/reg_extracted_orig_nu.nii.gz
1739,MRIQC/sub-HCP-YA-1200-208428/208428_3T_T1w_MPR1/mri/reg_extracted_orig_nu.nii.gz
1740,MRIQC/sub-HCP-YA-1200-208630/208630_3T_T1w_MPR1/mri/reg_extracted_orig_nu.nii.gz
1741,MRIQC/sub-HCP-YA-1200-209127/209127_3T_T1w_MPR1/mri/reg_extracted_orig_nu.nii.gz
1742,MRIQC/sub-HCP-YA-1200-209228/209228_3T_T1w_MPR1/mri/reg_extracted_orig_nu.nii.gz
1743,MRIQC/sub-HCP-YA-1200-209329/209329_3T_T1w_MPR1/mri/reg_extracted_orig_nu.nii.gz
1744,MRIQC/sub-HCP-YA-1200-209531/209531_3T_T1w_MPR1/mri/reg_extracted_orig_nu.nii.gz
1745,MRIQC/sub-HCP-YA-1200-209834/209834_3T_T1w_MPR1/mri/reg_extracted_orig_nu.nii.gz
1746,MRIQC/sub-HCP-YA-1200-209935/209935_3T_T1w_MPR1/mri/reg_extracted_orig_nu.nii.gz
1747,MRIQC/sub-HCP-YA-1200-210011/210011_3T_T1w_MPR1/mri/reg_extracted_orig_nu.nii.gz
1748,MRIQC/sub-HCP-YA-1200-210112/210112_3T_T1w_MPR1/mri/reg_extracted_orig_nu.nii.gz
1749,MRIQC/sub-HCP-YA-1200-210415/210415_3T_T1w_MPR1/mri/reg_extracted_orig_nu.nii.gz
1750,MRIQC/sub-HCP-YA-1200-210617/210617_3T_T1w_MPR1/mri/reg_extracted_orig_nu.nii.gz
1751,MRIQC/sub-HCP-YA-1200-211114/211114_3T_T1w_MPR1/mri/reg_extracted_orig_nu.nii.gz
1752,MRIQC/sub-HCP-YA-1200-211215/211215_3T_T1w_MPR1/mri/reg_extracted_orig_nu.nii.gz
1753,MRIQC/sub-HCP-YA-1200-211316/211316_3T_T1w_MPR1/mri/reg_extracted_orig_nu.nii.gz
1754,MRIQC/sub-HCP-YA-1200-211417/211417_3T_T1w_MPR1/mri/reg_extracted_orig_nu.nii.gz
1755,MRIQC/sub-HCP-YA-1200-211619/211619_3T_T1w_MPR1/mri/reg_extracted_orig_nu.nii.gz
1756,MRIQC/sub-HCP-YA-1200-211720/211720_3T_T1w_MPR1/mri/reg_extracted_orig_nu.nii.gz
1757,MRIQC/sub-HCP-YA-1200-211821/211821_3T_T1w_MPR1/mri/reg_extracted_orig_nu.nii.gz
1758,MRIQC/sub-HCP-YA-1200-211922/211922_3T_T1w_MPR1/mri/reg_extracted_orig_nu.nii.gz
1759,MRIQC/sub-HCP-YA-1200-212015/212015_3T_T1w_MPR1/mri/reg_extracted_orig_nu.nii.gz
1760,MRIQC/sub-HCP-YA-1200-212116/212116_3T_T1w_MPR1/mri/reg_extracted_orig_nu.nii.gz
1761,MRIQC/sub-HCP-YA-1200-212217/212217_3T_T1w_MPR1/mri/reg_extracted_orig_nu.nii.gz
1762,MRIQC/sub-HCP-YA-1200-212318/212318_3T_T1w_MPR1/mri/reg_extracted_orig_nu.nii.gz
1763,MRIQC/sub-HCP-YA-1200-212419/212419_3T_T1w_MPR1/mri/reg_extracted_orig_nu.nii.gz
1764,MRIQC/sub-HCP-YA-1200-212823/212823_3T_T1w_MPR1/mri/reg_extracted_orig_nu.nii.gz
1765,MRIQC/sub-HCP-YA-1200-213017/213017_3T_T1w_MPR1/mri/reg_extracted_orig_nu.nii.gz
1766,MRIQC/sub-HCP-YA-1200-213421/213421_3T_T1w_MPR1/mri/reg_extracted_orig_nu.nii.gz
1767,MRIQC/sub-HCP-YA-1200-213522/213522_3T_T1w_MPR1/mri/reg_extracted_orig_nu.nii.gz
1768,MRIQC/sub-HCP-YA-1200-214019/214019_3T_T1w_MPR1/mri/reg_extracted_orig_nu.nii.gz
1769,MRIQC/sub-HCP-YA-1200-214221/214221_3T_T1w_MPR1/mri/reg_extracted_orig_nu.nii.gz
1770,MRIQC/sub-HCP-YA-1200-214423/214423_3T_T1w_MPR1/mri/reg_extracted_orig_nu.nii.gz
1771,MRIQC/sub-HCP-YA-1200-214524/214524_3T_T1w_MPR1/mri/reg_extracted_orig_nu.nii.gz
1772,MRIQC/sub-HCP-YA-1200-214625/214625_3T_T1w_MPR1/mri/reg_extracted_orig_nu.nii.gz
1773,MRIQC/sub-HCP-YA-1200-214726/214726_3T_T1w_MPR1/mri/reg_extracted_orig_nu.nii.gz
1774,MRIQC/sub-HCP-YA-1200-217126/217126_3T_T1w_MPR1/mri/reg_extracted_orig_nu.nii.gz
1775,MRIQC/sub-HCP-YA-1200-217429/217429_3T_T1w_MPR1/mri/reg_extracted_orig_nu.nii.gz
1776,MRIQC/sub-HCP-YA-1200-219231/219231_3T_T1w_MPR1/mri/reg_extracted_orig_nu.nii.gz
1777,MRIQC/sub-HCP-YA-1200-220721/220721_3T_T1w_MPR1/mri/reg_extracted_orig_nu.nii.gz
1778,MRIQC/sub-HCP-YA-1200-221218/221218_3T_T1w_MPR1/mri/reg_extracted_orig_nu.nii.gz
1779,MRIQC/sub-HCP-YA-1200-221319/221319_3T_T1w_MPR1/mri/reg_extracted_orig_nu.nii.gz
1780,MRIQC/sub-HCP-YA-1200-223929/223929_3T_T1w_MPR1/mri/reg_extracted_orig_nu.nii.gz
1781,MRIQC/sub-HCP-YA-1200-224022/224022_3T_T1w_MPR1/mri/reg_extracted_orig_nu.nii.gz
1782,MRIQC/sub-HCP-YA-1200-227432/227432_3T_T1w_MPR1/mri/reg_extracted_orig_nu.nii.gz
1783,MRIQC/sub-HCP-YA-1200-227533/227533_3T_T1w_MPR1/mri/reg_extracted_orig_nu.nii.gz
1784,MRIQC/sub-HCP-YA-1200-228434/228434_3T_T1w_MPR1/mri/reg_extracted_orig_nu.nii.gz
1785,MRIQC/sub-HCP-YA-1200-231928/231928_3T_T1w_MPR1/mri/reg_extracted_orig_nu.nii.gz
1786,MRIQC/sub-HCP-YA-1200-233326/233326_3T_T1w_MPR1/mri/reg_extracted_orig_nu.nii.gz
1787,MRIQC/sub-HCP-YA-1200-236130/236130_3T_T1w_MPR1/mri/reg_extracted_orig_nu.nii.gz
1788,MRIQC/sub-HCP-YA-1200-237334/237334_3T_T1w_MPR1/mri/reg_extracted_orig_nu.nii.gz
1789,MRIQC/sub-HCP-YA-1200-238033/238033_3T_T1w_MPR1/mri/reg_extracted_orig_nu.nii.gz
1790,MRIQC/sub-HCP-YA-1200-239136/239136_3T_T1w_MPR1/mri/reg_extracted_orig_nu.nii.gz
1791,MRIQC/sub-HCP-YA-1200-239944/239944_3T_T1w_MPR1/mri/reg_extracted_orig_nu.nii.gz
1792,MRIQC/sub-HCP-YA-1200-245333/245333_3T_T1w_MPR1/mri/reg_extracted_orig_nu.nii.gz
1793,MRIQC/sub-HCP-YA-1200-246133/246133_3T_T1w_MPR1/mri/reg_extracted_orig_nu.nii.gz
1794,MRIQC/sub-HCP-YA-1200-248238/248238_3T_T1w_MPR1/mri/reg_extracted_orig_nu.nii.gz
1795,MRIQC/sub-HCP-YA-1200-248339/248339_3T_T1w_MPR1/mri/reg_extracted_orig_nu.nii.gz
1796,MRIQC/sub-HCP-YA-1200-249947/249947_3T_T1w_MPR1/mri/reg_extracted_orig_nu.nii.gz
1797,MRIQC/sub-HCP-YA-1200-250427/250427_3T_T1w_MPR1/mri/reg_extracted_orig_nu.nii.gz
1798,MRIQC/sub-HCP-YA-1200-250932/250932_3T_T1w_MPR1/mri/reg_extracted_orig_nu.nii.gz
1799,MRIQC/sub-HCP-YA-1200-251833/251833_3T_T1w_MPR1/mri/reg_extracted_orig_nu.nii.gz
1800,MRIQC/sub-HCP-YA-1200-255639/255639_3T_T1w_MPR1/mri/reg_extracted_orig_nu.nii.gz
1801,MRIQC/sub-HCP-YA-1200-255740/255740_3T_T1w_MPR1/mri/reg_extracted_orig_nu.nii.gz
1802,MRIQC/sub-HCP-YA-1200-256540/256540_3T_T1w_MPR1/mri/reg_extracted_orig_nu.nii.gz
1803,MRIQC/sub-HCP-YA-1200-257542/257542_3T_T1w_MPR1/mri/reg_extracted_orig_nu.nii.gz
1804,MRIQC/sub-HCP-YA-1200-257845/257845_3T_T1w_MPR1/mri/reg_extracted_orig_nu.nii.gz
1805,MRIQC/sub-HCP-YA-1200-257946/257946_3T_T1w_MPR1/mri/reg_extracted_orig_nu.nii.gz
1806,MRIQC/sub-HCP-YA-1200-263436/263436_3T_T1w_MPR1/mri/reg_extracted_orig_nu.nii.gz
1807,MRIQC/sub-HCP-YA-1200-268749/268749_3T_T1w_MPR1/mri/reg_extracted_orig_nu.nii.gz
1808,MRIQC/sub-HCP-YA-1200-268850/268850_3T_T1w_MPR1/mri/reg_extracted_orig_nu.nii.gz
1809,MRIQC/sub-HCP-YA-1200-270332/270332_3T_T1w_MPR1/mri/reg_extracted_orig_nu.nii.gz
1810,MRIQC/sub-HCP-YA-1200-274542/274542_3T_T1w_MPR1/mri/reg_extracted_orig_nu.nii.gz
1811,MRIQC/sub-HCP-YA-1200-275645/275645_3T_T1w_MPR1/mri/reg_extracted_orig_nu.nii.gz
1812,MRIQC/sub-HCP-YA-1200-280739/280739_3T_T1w_MPR1/mri/reg_extracted_orig_nu.nii.gz
1813,MRIQC/sub-HCP-YA-1200-280941/280941_3T_T1w_MPR1/mri/reg_extracted_orig_nu.nii.gz
1814,MRIQC/sub-HCP-YA-1200-281135/281135_3T_T1w_MPR1/mri/reg_extracted_orig_nu.nii.gz
1815,MRIQC/sub-HCP-YA-1200-283543/283543_3T_T1w_MPR1/mri/reg_extracted_orig_nu.nii.gz
1816,MRIQC/sub-HCP-YA-1200-284646/284646_3T_T1w_MPR1/mri/reg_extracted_orig_nu.nii.gz
1817,MRIQC/sub-HCP-YA-1200-285345/285345_3T_T1w_MPR1/mri/reg_extracted_orig_nu.nii.gz
1818,MRIQC/sub-HCP-YA-1200-285446/285446_3T_T1w_MPR1/mri/reg_extracted_orig_nu.nii.gz
1819,MRIQC/sub-HCP-YA-1200-286347/286347_3T_T1w_MPR1/mri/reg_extracted_orig_nu.nii.gz
1820,MRIQC/sub-HCP-YA-1200-286650/286650_3T_T1w_MPR1/mri/reg_extracted_orig_nu.nii.gz
1821,MRIQC/sub-HCP-YA-1200-287248/287248_3T_T1w_MPR1/mri/reg_extracted_orig_nu.nii.gz
1822,MRIQC/sub-HCP-YA-1200-289555/289555_3T_T1w_MPR1/mri/reg_extracted_orig_nu.nii.gz
1823,MRIQC/sub-HCP-YA-1200-290136/290136_3T_T1w_MPR1/mri/reg_extracted_orig_nu.nii.gz
1824,MRIQC/sub-HCP-YA-1200-293748/293748_3T_T1w_MPR1/mri/reg_extracted_orig_nu.nii.gz
1825,MRIQC/sub-HCP-YA-1200-295146/295146_3T_T1w_MPR1/mri/reg_extracted_orig_nu.nii.gz
1826,MRIQC/sub-HCP-YA-1200-297655/297655_3T_T1w_MPR1/mri/reg_extracted_orig_nu.nii.gz
1827,MRIQC/sub-HCP-YA-1200-298051/298051_3T_T1w_MPR1/mri/reg_extracted_orig_nu.nii.gz
1828,MRIQC/sub-HCP-YA-1200-298455/298455_3T_T1w_MPR1/mri/reg_extracted_orig_nu.nii.gz
1829,MRIQC/sub-HCP-YA-1200-299154/299154_3T_T1w_MPR1/mri/reg_extracted_orig_nu.nii.gz
1830,MRIQC/sub-HCP-YA-1200-299760/299760_3T_T1w_MPR1/mri/reg_extracted_orig_nu.nii.gz
1831,MRIQC/sub-HCP-YA-1200-300618/300618_3T_T1w_MPR1/mri/reg_extracted_orig_nu.nii.gz
1832,MRIQC/sub-HCP-YA-1200-300719/300719_3T_T1w_MPR1/mri/reg_extracted_orig_nu.nii.gz
1833,MRIQC/sub-HCP-YA-1200-303119/303119_3T_T1w_MPR1/mri/reg_extracted_orig_nu.nii.gz
1834,MRIQC/sub-HCP-YA-1200-303624/303624_3T_T1w_MPR1/mri/reg_extracted_orig_nu.nii.gz
1835,MRIQC/sub-HCP-YA-1200-304020/304020_3T_T1w_MPR1/mri/reg_extracted_orig_nu.nii.gz
1836,MRIQC/sub-HCP-YA-1200-304727/304727_3T_T1w_MPR1/mri/reg_extracted_orig_nu.nii.gz
1837,MRIQC/sub-HCP-YA-1200-305830/305830_3T_T1w_MPR1/mri/reg_extracted_orig_nu.nii.gz
1838,MRIQC/sub-HCP-YA-1200-307127/307127_3T_T1w_MPR1/mri/reg_extracted_orig_nu.nii.gz
1839,MRIQC/sub-HCP-YA-1200-308129/308129_3T_T1w_MPR1/mri/reg_extracted_orig_nu.nii.gz
1840,MRIQC/sub-HCP-YA-1200-308331/308331_3T_T1w_MPR1/mri/reg_extracted_orig_nu.nii.gz
1841,MRIQC/sub-HCP-YA-1200-309636/309636_3T_T1w_MPR1/mri/reg_extracted_orig_nu.nii.gz
1842,MRIQC/sub-HCP-YA-1200-310621/310621_3T_T1w_MPR1/mri/reg_extracted_orig_nu.nii.gz
1843,MRIQC/sub-HCP-YA-1200-311320/311320_3T_T1w_MPR1/mri/reg_extracted_orig_nu.nii.gz
1844,MRIQC/sub-HCP-YA-1200-314225/314225_3T_T1w_MPR1/mri/reg_extracted_orig_nu.nii.gz
1845,MRIQC/sub-HCP-YA-1200-316633/316633_3T_T1w_MPR1/mri/reg_extracted_orig_nu.nii.gz
1846,MRIQC/sub-HCP-YA-1200-316835/316835_3T_T1w_MPR1/mri/reg_extracted_orig_nu.nii.gz
1847,MRIQC/sub-HCP-YA-1200-317332/317332_3T_T1w_MPR1/mri/reg_extracted_orig_nu.nii.gz
1848,MRIQC/sub-HCP-YA-1200-318637/318637_3T_T1w_MPR1/mri/reg_extracted_orig_nu.nii.gz
1849,MRIQC/sub-HCP-YA-1200-320826/320826_3T_T1w_MPR1/mri/reg_extracted_orig_nu.nii.gz
1850,MRIQC/sub-HCP-YA-1200-321323/321323_3T_T1w_MPR1/mri/reg_extracted_orig_nu.nii.gz
1851,MRIQC/sub-HCP-YA-1200-322224/322224_3T_T1w_MPR1/mri/reg_extracted_orig_nu.nii.gz
1852,MRIQC/sub-HCP-YA-1200-325129/325129_3T_T1w_MPR1/mri/reg_extracted_orig_nu.nii.gz
1853,MRIQC/sub-HCP-YA-1200-329440/329440_3T_T1w_MPR1/mri/reg_extracted_orig_nu.nii.gz
1854,MRIQC/sub-HCP-YA-1200-329844/329844_3T_T1w_MPR1/mri/reg_extracted_orig_nu.nii.gz
1855,MRIQC/sub-HCP-YA-1200-330324/330324_3T_T1w_MPR1/mri/reg_extracted_orig_nu.nii.gz
1856,MRIQC/sub-HCP-YA-1200-333330/333330_3T_T1w_MPR1/mri/reg_extracted_orig_nu.nii.gz
1857,MRIQC/sub-HCP-YA-1200-334635/334635_3T_T1w_MPR1/mri/reg_extracted_orig_nu.nii.gz
1858,MRIQC/sub-HCP-YA-1200-336841/336841_3T_T1w_MPR1/mri/reg_extracted_orig_nu.nii.gz
1859,MRIQC/sub-HCP-YA-1200-339847/339847_3T_T1w_MPR1/mri/reg_extracted_orig_nu.nii.gz
1860,MRIQC/sub-HCP-YA-1200-341834/341834_3T_T1w_MPR1/mri/reg_extracted_orig_nu.nii.gz
1861,MRIQC/sub-HCP-YA-1200-342129/342129_3T_T1w_MPR1/mri/reg_extracted_orig_nu.nii.gz
1862,MRIQC/sub-HCP-YA-1200-346137/346137_3T_T1w_MPR1/mri/reg_extracted_orig_nu.nii.gz
1863,MRIQC/sub-HCP-YA-1200-346945/346945_3T_T1w_MPR1/mri/reg_extracted_orig_nu.nii.gz
1864,MRIQC/sub-HCP-YA-1200-348545/348545_3T_T1w_MPR1/mri/reg_extracted_orig_nu.nii.gz
1865,MRIQC/sub-HCP-YA-1200-349244/349244_3T_T1w_MPR1/mri/reg_extracted_orig_nu.nii.gz
1866,MRIQC/sub-HCP-YA-1200-350330/350330_3T_T1w_MPR1/mri/reg_extracted_orig_nu.nii.gz
1867,MRIQC/sub-HCP-YA-1200-351938/351938_3T_T1w_MPR1/mri/reg_extracted_orig_nu.nii.gz
1868,MRIQC/sub-HCP-YA-1200-352132/352132_3T_T1w_MPR1/mri/reg_extracted_orig_nu.nii.gz
1869,MRIQC/sub-HCP-YA-1200-352738/352738_3T_T1w_MPR1/mri/reg_extracted_orig_nu.nii.gz
1870,MRIQC/sub-HCP-YA-1200-353740/353740_3T_T1w_MPR1/mri/reg_extracted_orig_nu.nii.gz
1871,MRIQC/sub-HCP-YA-1200-355239/355239_3T_T1w_MPR1/mri/reg_extracted_orig_nu.nii.gz
1872,MRIQC/sub-HCP-YA-1200-355542/355542_3T_T1w_MPR1/mri/reg_extracted_orig_nu.nii.gz
1873,MRIQC/sub-HCP-YA-1200-355845/355845_3T_T1w_MPR1/mri/reg_extracted_orig_nu.nii.gz
1874,MRIQC/sub-HCP-YA-1200-356948/356948_3T_T1w_MPR1/mri/reg_extracted_orig_nu.nii.gz
1875,MRIQC/sub-HCP-YA-1200-358144/358144_3T_T1w_MPR1/mri/reg_extracted_orig_nu.nii.gz
1876,MRIQC/sub-HCP-YA-1200-360030/360030_3T_T1w_MPR1/mri/reg_extracted_orig_nu.nii.gz
1877,MRIQC/sub-HCP-YA-1200-361234/361234_3T_T1w_MPR1/mri/reg_extracted_orig_nu.nii.gz
1878,MRIQC/sub-HCP-YA-1200-361941/361941_3T_T1w_MPR1/mri/reg_extracted_orig_nu.nii.gz
1879,MRIQC/sub-HCP-YA-1200-362034/362034_3T_T1w_MPR1/mri/reg_extracted_orig_nu.nii.gz
1880,MRIQC/sub-HCP-YA-1200-365343/365343_3T_T1w_MPR1/mri/reg_extracted_orig_nu.nii.gz
1881,MRIQC/sub-HCP-YA-1200-366042/366042_3T_T1w_MPR1/mri/reg_extracted_orig_nu.nii.gz
1882,MRIQC/sub-HCP-YA-1200-366446/366446_3T_T1w_MPR1/mri/reg_extracted_orig_nu.nii.gz
1883,MRIQC/sub-HCP-YA-1200-368551/368551_3T_T1w_MPR1/mri/reg_extracted_orig_nu.nii.gz
1884,MRIQC/sub-HCP-YA-1200-368753/368753_3T_T1w_MPR1/mri/reg_extracted_orig_nu.nii.gz
1885,MRIQC/sub-HCP-YA-1200-371843/371843_3T_T1w_MPR1/mri/reg_extracted_orig_nu.nii.gz
1886,MRIQC/sub-HCP-YA-1200-376247/376247_3T_T1w_MPR1/mri/reg_extracted_orig_nu.nii.gz
1887,MRIQC/sub-HCP-YA-1200-377451/377451_3T_T1w_MPR1/mri/reg_extracted_orig_nu.nii.gz
1888,MRIQC/sub-HCP-YA-1200-378756/378756_3T_T1w_MPR1/mri/reg_extracted_orig_nu.nii.gz
1889,MRIQC/sub-HCP-YA-1200-378857/378857_3T_T1w_MPR1/mri/reg_extracted_orig_nu.nii.gz
1890,MRIQC/sub-HCP-YA-1200-379657/379657_3T_T1w_MPR1/mri/reg_extracted_orig_nu.nii.gz
1891,MRIQC/sub-HCP-YA-1200-380036/380036_3T_T1w_MPR1/mri/reg_extracted_orig_nu.nii.gz
1892,MRIQC/sub-HCP-YA-1200-381038/381038_3T_T1w_MPR1/mri/reg_extracted_orig_nu.nii.gz
1893,MRIQC/sub-HCP-YA-1200-381543/381543_3T_T1w_MPR1/mri/reg_extracted_orig_nu.nii.gz
1894,MRIQC/sub-HCP-YA-1200-382242/382242_3T_T1w_MPR1/mri/reg_extracted_orig_nu.nii.gz
1895,MRIQC/sub-HCP-YA-1200-385046/385046_3T_T1w_MPR1/mri/reg_extracted_orig_nu.nii.gz
1896,MRIQC/sub-HCP-YA-1200-385450/385450_3T_T1w_MPR1/mri/reg_extracted_orig_nu.nii.gz
1897,MRIQC/sub-HCP-YA-1200-386250/386250_3T_T1w_MPR1/mri/reg_extracted_orig_nu.nii.gz
1898,MRIQC/sub-HCP-YA-1200-387959/387959_3T_T1w_MPR1/mri/reg_extracted_orig_nu.nii.gz
1899,MRIQC/sub-HCP-YA-1200-389357/389357_3T_T1w_MPR1/mri/reg_extracted_orig_nu.nii.gz
1900,MRIQC/sub-HCP-YA-1200-390645/390645_3T_T1w_MPR1/mri/reg_extracted_orig_nu.nii.gz
1901,MRIQC/sub-HCP-YA-1200-391748/391748_3T_T1w_MPR1/mri/reg_extracted_orig_nu.nii.gz
1902,MRIQC/sub-HCP-YA-1200-392447/392447_3T_T1w_MPR1/mri/reg_extracted_orig_nu.nii.gz
1903,MRIQC/sub-HCP-YA-1200-392750/392750_3T_T1w_MPR1/mri/reg_extracted_orig_nu.nii.gz
1904,MRIQC/sub-HCP-YA-1200-393247/393247_3T_T1w_MPR1/mri/reg_extracted_orig_nu.nii.gz
1905,MRIQC/sub-HCP-YA-1200-393550/393550_3T_T1w_MPR1/mri/reg_extracted_orig_nu.nii.gz
1906,MRIQC/sub-HCP-YA-1200-394956/394956_3T_T1w_MPR1/mri/reg_extracted_orig_nu.nii.gz
1907,MRIQC/sub-HCP-YA-1200-395251/395251_3T_T1w_MPR1/mri/reg_extracted_orig_nu.nii.gz
1908,MRIQC/sub-HCP-YA-1200-395756/395756_3T_T1w_MPR1/mri/reg_extracted_orig_nu.nii.gz
1909,MRIQC/sub-HCP-YA-1200-395958/395958_3T_T1w_MPR1/mri/reg_extracted_orig_nu.nii.gz
1910,MRIQC/sub-HCP-YA-1200-397154/397154_3T_T1w_MPR1/mri/reg_extracted_orig_nu.nii.gz
1911,MRIQC/sub-HCP-YA-1200-397760/397760_3T_T1w_MPR1/mri/reg_extracted_orig_nu.nii.gz
1912,MRIQC/sub-HCP-YA-1200-397861/397861_3T_T1w_MPR1/mri/reg_extracted_orig_nu.nii.gz
1913,MRIQC/sub-HCP-YA-1200-401422/401422_3T_T1w_MPR1/mri/reg_extracted_orig_nu.nii.gz
1914,MRIQC/sub-HCP-YA-1200-406432/406432_3T_T1w_MPR1/mri/reg_extracted_orig_nu.nii.gz
1915,MRIQC/sub-HCP-YA-1200-406836/406836_3T_T1w_MPR1/mri/reg_extracted_orig_nu.nii.gz
1916,MRIQC/sub-HCP-YA-1200-412528/412528_3T_T1w_MPR1/mri/reg_extracted_orig_nu.nii.gz
1917,MRIQC/sub-HCP-YA-1200-413934/413934_3T_T1w_MPR1/mri/reg_extracted_orig_nu.nii.gz
1918,MRIQC/sub-HCP-YA-1200-414229/414229_3T_T1w_MPR1/mri/reg_extracted_orig_nu.nii.gz
1919,MRIQC/sub-HCP-YA-1200-415837/415837_3T_T1w_MPR1/mri/reg_extracted_orig_nu.nii.gz
1920,MRIQC/sub-HCP-YA-1200-419239/419239_3T_T1w_MPR1/mri/reg_extracted_orig_nu.nii.gz
1921,MRIQC/sub-HCP-YA-1200-421226/421226_3T_T1w_MPR1/mri/reg_extracted_orig_nu.nii.gz
1922,MRIQC/sub-HCP-YA-1200-422632/422632_3T_T1w_MPR1/mri/reg_extracted_orig_nu.nii.gz
1923,MRIQC/sub-HCP-YA-1200-424939/424939_3T_T1w_MPR1/mri/reg_extracted_orig_nu.nii.gz
1924,MRIQC/sub-HCP-YA-1200-429040/429040_3T_T1w_MPR1/mri/reg_extracted_orig_nu.nii.gz
1925,MRIQC/sub-HCP-YA-1200-432332/432332_3T_T1w_MPR1/mri/reg_extracted_orig_nu.nii.gz
1926,MRIQC/sub-HCP-YA-1200-433839/433839_3T_T1w_MPR1/mri/reg_extracted_orig_nu.nii.gz
1927,MRIQC/sub-HCP-YA-1200-436239/436239_3T_T1w_MPR1/mri/reg_extracted_orig_nu.nii.gz
1928,MRIQC/sub-HCP-YA-1200-436845/436845_3T_T1w_MPR1/mri/reg_extracted_orig_nu.nii.gz
1929,MRIQC/sub-HCP-YA-1200-441939/441939_3T_T1w_MPR1/mri/reg_extracted_orig_nu.nii.gz
1930,MRIQC/sub-HCP-YA-1200-445543/445543_3T_T1w_MPR1/mri/reg_extracted_orig_nu.nii.gz
1931,MRIQC/sub-HCP-YA-1200-448347/448347_3T_T1w_MPR1/mri/reg_extracted_orig_nu.nii.gz
1932,MRIQC/sub-HCP-YA-1200-449753/449753_3T_T1w_MPR1/mri/reg_extracted_orig_nu.nii.gz
1933,MRIQC/sub-HCP-YA-1200-453441/453441_3T_T1w_MPR1/mri/reg_extracted_orig_nu.nii.gz
1934,MRIQC/sub-HCP-YA-1200-453542/453542_3T_T1w_MPR1/mri/reg_extracted_orig_nu.nii.gz
1935,MRIQC/sub-HCP-YA-1200-454140/454140_3T_T1w_MPR1/mri/reg_extracted_orig_nu.nii.gz
1936,MRIQC/sub-HCP-YA-1200-456346/456346_3T_T1w_MPR1/mri/reg_extracted_orig_nu.nii.gz
1937,MRIQC/sub-HCP-YA-1200-459453/459453_3T_T1w_MPR1/mri/reg_extracted_orig_nu.nii.gz
1938,MRIQC/sub-HCP-YA-1200-461743/461743_3T_T1w_MPR1/mri/reg_extracted_orig_nu.nii.gz
1939,MRIQC/sub-HCP-YA-1200-462139/462139_3T_T1w_MPR1/mri/reg_extracted_orig_nu.nii.gz
1940,MRIQC/sub-HCP-YA-1200-463040/463040_3T_T1w_MPR1/mri/reg_extracted_orig_nu.nii.gz
1941,MRIQC/sub-HCP-YA-1200-465852/465852_3T_T1w_MPR1/mri/reg_extracted_orig_nu.nii.gz
1942,MRIQC/sub-HCP-YA-1200-467351/467351_3T_T1w_MPR1/mri/reg_extracted_orig_nu.nii.gz
1943,MRIQC/sub-HCP-YA-1200-468050/468050_3T_T1w_MPR1/mri/reg_extracted_orig_nu.nii.gz
1944,MRIQC/sub-HCP-YA-1200-469961/469961_3T_T1w_MPR1/mri/reg_extracted_orig_nu.nii.gz
1945,MRIQC/sub-HCP-YA-1200-473952/473952_3T_T1w_MPR1/mri/reg_extracted_orig_nu.nii.gz
1946,MRIQC/sub-HCP-YA-1200-475855/475855_3T_T1w_MPR1/mri/reg_extracted_orig_nu.nii.gz
1947,MRIQC/sub-HCP-YA-1200-479762/479762_3T_T1w_MPR1/mri/reg_extracted_orig_nu.nii.gz
1948,MRIQC/sub-HCP-YA-1200-480141/480141_3T_T1w_MPR1/mri/reg_extracted_orig_nu.nii.gz
1949,MRIQC/sub-HCP-YA-1200-481042/481042_3T_T1w_MPR1/mri/reg_extracted_orig_nu.nii.gz
1950,MRIQC/sub-HCP-YA-1200-481951/481951_3T_T1w_MPR1/mri/reg_extracted_orig_nu.nii.gz
1951,MRIQC/sub-HCP-YA-1200-485757/485757_3T_T1w_MPR1/mri/reg_extracted_orig_nu.nii.gz
1952,MRIQC/sub-HCP-YA-1200-486759/486759_3T_T1w_MPR1/mri/reg_extracted_orig_nu.nii.gz
1953,MRIQC/sub-HCP-YA-1200-492754/492754_3T_T1w_MPR1/mri/reg_extracted_orig_nu.nii.gz
1954,MRIQC/sub-HCP-YA-1200-495255/495255_3T_T1w_MPR1/mri/reg_extracted_orig_nu.nii.gz
1955,MRIQC/sub-HCP-YA-1200-497865/497865_3T_T1w_MPR1/mri/reg_extracted_orig_nu.nii.gz
1956,MRIQC/sub-HCP-YA-1200-499566/499566_3T_T1w_MPR1/mri/reg_extracted_orig_nu.nii.gz
1957,MRIQC/sub-HCP-YA-1200-500222/500222_3T_T1w_MPR1/mri/reg_extracted_orig_nu.nii.gz
1958,MRIQC/sub-HCP-YA-1200-506234/506234_3T_T1w_MPR1/mri/reg_extracted_orig_nu.nii.gz
1959,MRIQC/sub-HCP-YA-1200-510225/510225_3T_T1w_MPR1/mri/reg_extracted_orig_nu.nii.gz
1960,MRIQC/sub-HCP-YA-1200-510326/510326_3T_T1w_MPR1/mri/reg_extracted_orig_nu.nii.gz
1961,MRIQC/sub-HCP-YA-1200-512835/512835_3T_T1w_MPR1/mri/reg_extracted_orig_nu.nii.gz
1962,MRIQC/sub-HCP-YA-1200-513130/513130_3T_T1w_MPR1/mri/reg_extracted_orig_nu.nii.gz
1963,MRIQC/sub-HCP-YA-1200-513736/513736_3T_T1w_MPR1/mri/reg_extracted_orig_nu.nii.gz
1964,MRIQC/sub-HCP-YA-1200-516742/516742_3T_T1w_MPR1/mri/reg_extracted_orig_nu.nii.gz
1965,MRIQC/sub-HCP-YA-1200-517239/517239_3T_T1w_MPR1/mri/reg_extracted_orig_nu.nii.gz
1966,MRIQC/sub-HCP-YA-1200-518746/518746_3T_T1w_MPR1/mri/reg_extracted_orig_nu.nii.gz
1967,MRIQC/sub-HCP-YA-1200-519647/519647_3T_T1w_MPR1/mri/reg_extracted_orig_nu.nii.gz
1968,MRIQC/sub-HCP-YA-1200-519950/519950_3T_T1w_MPR1/mri/reg_extracted_orig_nu.nii.gz
1969,MRIQC/sub-HCP-YA-1200-520228/520228_3T_T1w_MPR1/mri/reg_extracted_orig_nu.nii.gz
1970,MRIQC/sub-HCP-YA-1200-521331/521331_3T_T1w_MPR1/mri/reg_extracted_orig_nu.nii.gz
1971,MRIQC/sub-HCP-YA-1200-522434/522434_3T_T1w_MPR1/mri/reg_extracted_orig_nu.nii.gz
1972,MRIQC/sub-HCP-YA-1200-523032/523032_3T_T1w_MPR1/mri/reg_extracted_orig_nu.nii.gz
1973,MRIQC/sub-HCP-YA-1200-524135/524135_3T_T1w_MPR1/mri/reg_extracted_orig_nu.nii.gz
1974,MRIQC/sub-HCP-YA-1200-525541/525541_3T_T1w_MPR1/mri/reg_extracted_orig_nu.nii.gz
1975,MRIQC/sub-HCP-YA-1200-529549/529549_3T_T1w_MPR1/mri/reg_extracted_orig_nu.nii.gz
1976,MRIQC/sub-HCP-YA-1200-529953/529953_3T_T1w_MPR1/mri/reg_extracted_orig_nu.nii.gz
1977,MRIQC/sub-HCP-YA-1200-530635/530635_3T_T1w_MPR1/mri/reg_extracted_orig_nu.nii.gz
1978,MRIQC/sub-HCP-YA-1200-531536/531536_3T_T1w_MPR1/mri/reg_extracted_orig_nu.nii.gz
1979,MRIQC/sub-HCP-YA-1200-531940/531940_3T_T1w_MPR1/mri/reg_extracted_orig_nu.nii.gz
1980,MRIQC/sub-HCP-YA-1200-536647/536647_3T_T1w_MPR1/mri/reg_extracted_orig_nu.nii.gz
1981,MRIQC/sub-HCP-YA-1200-540436/540436_3T_T1w_MPR1/mri/reg_extracted_orig_nu.nii.gz
1982,MRIQC/sub-HCP-YA-1200-541640/541640_3T_T1w_MPR1/mri/reg_extracted_orig_nu.nii.gz
1983,MRIQC/sub-HCP-YA-1200-541943/541943_3T_T1w_MPR1/mri/reg_extracted_orig_nu.nii.gz
1984,MRIQC/sub-HCP-YA-1200-545345/545345_3T_T1w_MPR1/mri/reg_extracted_orig_nu.nii.gz
1985,MRIQC/sub-HCP-YA-1200-547046/547046_3T_T1w_MPR1/mri/reg_extracted_orig_nu.nii.gz
1986,MRIQC/sub-HCP-YA-1200-548250/548250_3T_T1w_MPR1/mri/reg_extracted_orig_nu.nii.gz
1987,MRIQC/sub-HCP-YA-1200-549757/549757_3T_T1w_MPR1/mri/reg_extracted_orig_nu.nii.gz
1988,MRIQC/sub-HCP-YA-1200-550439/550439_3T_T1w_MPR1/mri/reg_extracted_orig_nu.nii.gz
1989,MRIQC/sub-HCP-YA-1200-552241/552241_3T_T1w_MPR1/mri/reg_extracted_orig_nu.nii.gz
1990,MRIQC/sub-HCP-YA-1200-552544/552544_3T_T1w_MPR1/mri/reg_extracted_orig_nu.nii.gz
1991,MRIQC/sub-HCP-YA-1200-553344/553344_3T_T1w_MPR1/mri/reg_extracted_orig_nu.nii.gz
1992,MRIQC/sub-HCP-YA-1200-555348/555348_3T_T1w_MPR1/mri/reg_extracted_orig_nu.nii.gz
1993,MRIQC/sub-HCP-YA-1200-555651/555651_3T_T1w_MPR1/mri/reg_extracted_orig_nu.nii.gz
1994,MRIQC/sub-HCP-YA-1200-555954/555954_3T_T1w_MPR1/mri/reg_extracted_orig_nu.nii.gz
1995,MRIQC/sub-HCP-YA-1200-557857/557857_3T_T1w_MPR1/mri/reg_extracted_orig_nu.nii.gz
1996,MRIQC/sub-HCP-YA-1200-558657/558657_3T_T1w_MPR1/mri/reg_extracted_orig_nu.nii.gz
1997,MRIQC/sub-HCP-YA-1200-558960/558960_3T_T1w_MPR1/mri/reg_extracted_orig_nu.nii.gz
1998,MRIQC/sub-HCP-YA-1200-559053/559053_3T_T1w_MPR1/mri/reg_extracted_orig_nu.nii.gz
1999,MRIQC/sub-HCP-YA-1200-559457/559457_3T_T1w_MPR1/mri/reg_extracted_orig_nu.nii.gz
2000,MRIQC/sub-HCP-YA-1200-561242/561242_3T_T1w_MPR1/mri/reg_extracted_orig_nu.nii.gz
2001,MRIQC/sub-HCP-YA-1200-561444/561444_3T_T1w_MPR1/mri/reg_extracted_orig_nu.nii.gz
2002,MRIQC/sub-HCP-YA-1200-561949/561949_3T_T1w_MPR1/mri/reg_extracted_orig_nu.nii.gz
2003,MRIQC/sub-HCP-YA-1200-562345/562345_3T_T1w_MPR1/mri/reg_extracted_orig_nu.nii.gz
2004,MRIQC/sub-HCP-YA-1200-562446/562446_3T_T1w_MPR1/mri/reg_extracted_orig_nu.nii.gz
2005,MRIQC/sub-HCP-YA-1200-565452/565452_3T_T1w_MPR1/mri/reg_extracted_orig_nu.nii.gz
2006,MRIQC/sub-HCP-YA-1200-566454/566454_3T_T1w_MPR1/mri/reg_extracted_orig_nu.nii.gz
2007,MRIQC/sub-HCP-YA-1200-567052/567052_3T_T1w_MPR1/mri/reg_extracted_orig_nu.nii.gz
2008,MRIQC/sub-HCP-YA-1200-567759/567759_3T_T1w_MPR1/mri/reg_extracted_orig_nu.nii.gz
2009,MRIQC/sub-HCP-YA-1200-567961/567961_3T_T1w_MPR1/mri/reg_extracted_orig_nu.nii.gz
2010,MRIQC/sub-HCP-YA-1200-568963/568963_3T_T1w_MPR1/mri/reg_extracted_orig_nu.nii.gz
2011,MRIQC/sub-HCP-YA-1200-569965/569965_3T_T1w_MPR1/mri/reg_extracted_orig_nu.nii.gz
2012,MRIQC/sub-HCP-YA-1200-570243/570243_3T_T1w_MPR1/mri/reg_extracted_orig_nu.nii.gz
2013,MRIQC/sub-HCP-YA-1200-571144/571144_3T_T1w_MPR1/mri/reg_extracted_orig_nu.nii.gz
2014,MRIQC/sub-HCP-YA-1200-571548/571548_3T_T1w_MPR1/mri/reg_extracted_orig_nu.nii.gz
2015,MRIQC/sub-HCP-YA-1200-572045/572045_3T_T1w_MPR1/mri/reg_extracted_orig_nu.nii.gz
2016,MRIQC/sub-HCP-YA-1200-573249/573249_3T_T1w_MPR1/mri/reg_extracted_orig_nu.nii.gz
2017,MRIQC/sub-HCP-YA-1200-573451/573451_3T_T1w_MPR1/mri/reg_extracted_orig_nu.nii.gz
2018,MRIQC/sub-HCP-YA-1200-576255/576255_3T_T1w_MPR1/mri/reg_extracted_orig_nu.nii.gz
2019,MRIQC/sub-HCP-YA-1200-578057/578057_3T_T1w_MPR1/mri/reg_extracted_orig_nu.nii.gz
2020,MRIQC/sub-HCP-YA-1200-578158/578158_3T_T1w_MPR1/mri/reg_extracted_orig_nu.nii.gz
2021,MRIQC/sub-HCP-YA-1200-579665/579665_3T_T1w_MPR1/mri/reg_extracted_orig_nu.nii.gz
2022,MRIQC/sub-HCP-YA-1200-579867/579867_3T_T1w_MPR1/mri/reg_extracted_orig_nu.nii.gz
2023,MRIQC/sub-HCP-YA-1200-580044/580044_3T_T1w_MPR1/mri/reg_extracted_orig_nu.nii.gz
2024,MRIQC/sub-HCP-YA-1200-580347/580347_3T_T1w_MPR1/mri/reg_extracted_orig_nu.nii.gz
2025,MRIQC/sub-HCP-YA-1200-580650/580650_3T_T1w_MPR1/mri/reg_extracted_orig_nu.nii.gz
2026,MRIQC/sub-HCP-YA-1200-580751/580751_3T_T1w_MPR1/mri/reg_extracted_orig_nu.nii.gz
2027,MRIQC/sub-HCP-YA-1200-581349/581349_3T_T1w_MPR1/mri/reg_extracted_orig_nu.nii.gz
2028,MRIQC/sub-HCP-YA-1200-581450/581450_3T_T1w_MPR1/mri/reg_extracted_orig_nu.nii.gz
2029,MRIQC/sub-HCP-YA-1200-583858/583858_3T_T1w_MPR1/mri/reg_extracted_orig_nu.nii.gz
2030,MRIQC/sub-HCP-YA-1200-584355/584355_3T_T1w_MPR1/mri/reg_extracted_orig_nu.nii.gz
2031,MRIQC/sub-HCP-YA-1200-585256/585256_3T_T1w_MPR1/mri/reg_extracted_orig_nu.nii.gz
2032,MRIQC/sub-HCP-YA-1200-585862/585862_3T_T1w_MPR1/mri/reg_extracted_orig_nu.nii.gz
2033,MRIQC/sub-HCP-YA-1200-586460/586460_3T_T1w_MPR1/mri/reg_extracted_orig_nu.nii.gz
2034,MRIQC/sub-HCP-YA-1200-587664/587664_3T_T1w_MPR1/mri/reg_extracted_orig_nu.nii.gz
2035,MRIQC/sub-HCP-YA-1200-588565/588565_3T_T1w_MPR1/mri/reg_extracted_orig_nu.nii.gz
2036,MRIQC/sub-HCP-YA-1200-589567/589567_3T_T1w_MPR1/mri/reg_extracted_orig_nu.nii.gz
2037,MRIQC/sub-HCP-YA-1200-590047/590047_3T_T1w_MPR1/mri/reg_extracted_orig_nu.nii.gz
2038,MRIQC/sub-HCP-YA-1200-592455/592455_3T_T1w_MPR1/mri/reg_extracted_orig_nu.nii.gz
2039,MRIQC/sub-HCP-YA-1200-594156/594156_3T_T1w_MPR1/mri/reg_extracted_orig_nu.nii.gz
2040,MRIQC/sub-HCP-YA-1200-597869/597869_3T_T1w_MPR1/mri/reg_extracted_orig_nu.nii.gz
2041,MRIQC/sub-HCP-YA-1200-598568/598568_3T_T1w_MPR1/mri/reg_extracted_orig_nu.nii.gz
2042,MRIQC/sub-HCP-YA-1200-599065/599065_3T_T1w_MPR1/mri/reg_extracted_orig_nu.nii.gz
2043,MRIQC/sub-HCP-YA-1200-599469/599469_3T_T1w_MPR1/mri/reg_extracted_orig_nu.nii.gz
2044,MRIQC/sub-HCP-YA-1200-599671/599671_3T_T1w_MPR1/mri/reg_extracted_orig_nu.nii.gz
2045,MRIQC/sub-HCP-YA-1200-601127/601127_3T_T1w_MPR1/mri/reg_extracted_orig_nu.nii.gz
2046,MRIQC/sub-HCP-YA-1200-604537/604537_3T_T1w_MPR1/mri/reg_extracted_orig_nu.nii.gz
2047,MRIQC/sub-HCP-YA-1200-609143/609143_3T_T1w_MPR1/mri/reg_extracted_orig_nu.nii.gz
2048,MRIQC/sub-HCP-YA-1200-611231/611231_3T_T1w_MPR1/mri/reg_extracted_orig_nu.nii.gz
2049,MRIQC/sub-HCP-YA-1200-611938/611938_3T_T1w_MPR1/mri/reg_extracted_orig_nu.nii.gz
2050,MRIQC/sub-HCP-YA-1200-613235/613235_3T_T1w_MPR1/mri/reg_extracted_orig_nu.nii.gz
2051,MRIQC/sub-HCP-YA-1200-613538/613538_3T_T1w_MPR1/mri/reg_extracted_orig_nu.nii.gz
2052,MRIQC/sub-HCP-YA-1200-614439/614439_3T_T1w_MPR1/mri/reg_extracted_orig_nu.nii.gz
2053,MRIQC/sub-HCP-YA-1200-615441/615441_3T_T1w_MPR1/mri/reg_extracted_orig_nu.nii.gz
2054,MRIQC/sub-HCP-YA-1200-615744/615744_3T_T1w_MPR1/mri/reg_extracted_orig_nu.nii.gz
2055,MRIQC/sub-HCP-YA-1200-616645/616645_3T_T1w_MPR1/mri/reg_extracted_orig_nu.nii.gz
2056,MRIQC/sub-HCP-YA-1200-617748/617748_3T_T1w_MPR1/mri/reg_extracted_orig_nu.nii.gz
2057,MRIQC/sub-HCP-YA-1200-618952/618952_3T_T1w_MPR1/mri/reg_extracted_orig_nu.nii.gz
2058,MRIQC/sub-HCP-YA-1200-620434/620434_3T_T1w_MPR1/mri/reg_extracted_orig_nu.nii.gz
2059,MRIQC/sub-HCP-YA-1200-622236/622236_3T_T1w_MPR1/mri/reg_extracted_orig_nu.nii.gz
2060,MRIQC/sub-HCP-YA-1200-623137/623137_3T_T1w_MPR1/mri/reg_extracted_orig_nu.nii.gz
2061,MRIQC/sub-HCP-YA-1200-623844/623844_3T_T1w_MPR1/mri/reg_extracted_orig_nu.nii.gz
2062,MRIQC/sub-HCP-YA-1200-626648/626648_3T_T1w_MPR1/mri/reg_extracted_orig_nu.nii.gz
2063,MRIQC/sub-HCP-YA-1200-627549/627549_3T_T1w_MPR1/mri/reg_extracted_orig_nu.nii.gz
2064,MRIQC/sub-HCP-YA-1200-627852/627852_3T_T1w_MPR1/mri/reg_extracted_orig_nu.nii.gz
2065,MRIQC/sub-HCP-YA-1200-628248/628248_3T_T1w_MPR1/mri/reg_extracted_orig_nu.nii.gz
2066,MRIQC/sub-HCP-YA-1200-633847/633847_3T_T1w_MPR1/mri/reg_extracted_orig_nu.nii.gz
2067,MRIQC/sub-HCP-YA-1200-634748/634748_3T_T1w_MPR1/mri/reg_extracted_orig_nu.nii.gz
2068,MRIQC/sub-HCP-YA-1200-635245/635245_3T_T1w_MPR1/mri/reg_extracted_orig_nu.nii.gz
2069,MRIQC/sub-HCP-YA-1200-638049/638049_3T_T1w_MPR1/mri/reg_extracted_orig_nu.nii.gz
2070,MRIQC/sub-HCP-YA-1200-644044/644044_3T_T1w_MPR1/mri/reg_extracted_orig_nu.nii.gz
2071,MRIQC/sub-HCP-YA-1200-644246/644246_3T_T1w_MPR1/mri/reg_extracted_orig_nu.nii.gz
2072,MRIQC/sub-HCP-YA-1200-645450/645450_3T_T1w_MPR1/mri/reg_extracted_orig_nu.nii.gz
2073,MRIQC/sub-HCP-YA-1200-645551/645551_3T_T1w_MPR1/mri/reg_extracted_orig_nu.nii.gz
2074,MRIQC/sub-HCP-YA-1200-647858/647858_3T_T1w_MPR1/mri/reg_extracted_orig_nu.nii.gz
2075,MRIQC/sub-HCP-YA-1200-650746/650746_3T_T1w_MPR1/mri/reg_extracted_orig_nu.nii.gz
2076,MRIQC/sub-HCP-YA-1200-654350/654350_3T_T1w_MPR1/mri/reg_extracted_orig_nu.nii.gz
2077,MRIQC/sub-HCP-YA-1200-654552/654552_3T_T1w_MPR1/mri/reg_extracted_orig_nu.nii.gz
2078,MRIQC/sub-HCP-YA-1200-654754/654754_3T_T1w_MPR1/mri/reg_extracted_orig_nu.nii.gz
2079,MRIQC/sub-HCP-YA-1200-656253/656253_3T_T1w_MPR1/mri/reg_extracted_orig_nu.nii.gz
2080,MRIQC/sub-HCP-YA-1200-656657/656657_3T_T1w_MPR1/mri/reg_extracted_orig_nu.nii.gz
2081,MRIQC/sub-HCP-YA-1200-657659/657659_3T_T1w_MPR1/mri/reg_extracted_orig_nu.nii.gz
2082,MRIQC/sub-HCP-YA-1200-660951/660951_3T_T1w_MPR1/mri/reg_extracted_orig_nu.nii.gz
2083,MRIQC/sub-HCP-YA-1200-662551/662551_3T_T1w_MPR1/mri/reg_extracted_orig_nu.nii.gz
2084,MRIQC/sub-HCP-YA-1200-663755/663755_3T_T1w_MPR1/mri/reg_extracted_orig_nu.nii.gz
2085,MRIQC/sub-HCP-YA-1200-664757/664757_3T_T1w_MPR1/mri/reg_extracted_orig_nu.nii.gz
2086,MRIQC/sub-HCP-YA-1200-665254/665254_3T_T1w_MPR1/mri/reg_extracted_orig_nu.nii.gz
2087,MRIQC/sub-HCP-YA-1200-667056/667056_3T_T1w_MPR1/mri/reg_extracted_orig_nu.nii.gz
2088,MRIQC/sub-HCP-YA-1200-668361/668361_3T_T1w_MPR1/mri/reg_extracted_orig_nu.nii.gz
2089,MRIQC/sub-HCP-YA-1200-671855/671855_3T_T1w_MPR1/mri/reg_extracted_orig_nu.nii.gz
2090,MRIQC/sub-HCP-YA-1200-672756/672756_3T_T1w_MPR1/mri/reg_extracted_orig_nu.nii.gz
2091,MRIQC/sub-HCP-YA-1200-673455/673455_3T_T1w_MPR1/mri/reg_extracted_orig_nu.nii.gz
2092,MRIQC/sub-HCP-YA-1200-675661/675661_3T_T1w_MPR1/mri/reg_extracted_orig_nu.nii.gz
2093,MRIQC/sub-HCP-YA-1200-677766/677766_3T_T1w_MPR1/mri/reg_extracted_orig_nu.nii.gz
2094,MRIQC/sub-HCP-YA-1200-677968/677968_3T_T1w_MPR1/mri/reg_extracted_orig_nu.nii.gz
2095,MRIQC/sub-HCP-YA-1200-679568/679568_3T_T1w_MPR1/mri/reg_extracted_orig_nu.nii.gz
2096,MRIQC/sub-HCP-YA-1200-679770/679770_3T_T1w_MPR1/mri/reg_extracted_orig_nu.nii.gz
2097,MRIQC/sub-HCP-YA-1200-680250/680250_3T_T1w_MPR1/mri/reg_extracted_orig_nu.nii.gz
2098,MRIQC/sub-HCP-YA-1200-680452/680452_3T_T1w_MPR1/mri/reg_extracted_orig_nu.nii.gz
2099,MRIQC/sub-HCP-YA-1200-680957/680957_3T_T1w_MPR1/mri/reg_extracted_orig_nu.nii.gz
2100,MRIQC/sub-HCP-YA-1200-683256/683256_3T_T1w_MPR1/mri/reg_extracted_orig_nu.nii.gz
2101,MRIQC/sub-HCP-YA-1200-685058/685058_3T_T1w_MPR1/mri/reg_extracted_orig_nu.nii.gz
2102,MRIQC/sub-HCP-YA-1200-686969/686969_3T_T1w_MPR1/mri/reg_extracted_orig_nu.nii.gz
2103,MRIQC/sub-HCP-YA-1200-687163/687163_3T_T1w_MPR1/mri/reg_extracted_orig_nu.nii.gz
2104,MRIQC/sub-HCP-YA-1200-688569/688569_3T_T1w_MPR1/mri/reg_extracted_orig_nu.nii.gz
2105,MRIQC/sub-HCP-YA-1200-689470/689470_3T_T1w_MPR1/mri/reg_extracted_orig_nu.nii.gz
2106,MRIQC/sub-HCP-YA-1200-690152/690152_3T_T1w_MPR1/mri/reg_extracted_orig_nu.nii.gz
2107,MRIQC/sub-HCP-YA-1200-692964/692964_3T_T1w_MPR1/mri/reg_extracted_orig_nu.nii.gz
2108,MRIQC/sub-HCP-YA-1200-693461/693461_3T_T1w_MPR1/mri/reg_extracted_orig_nu.nii.gz
2109,MRIQC/sub-HCP-YA-1200-693764/693764_3T_T1w_MPR1/mri/reg_extracted_orig_nu.nii.gz
2110,MRIQC/sub-HCP-YA-1200-694362/694362_3T_T1w_MPR1/mri/reg_extracted_orig_nu.nii.gz
2111,MRIQC/sub-HCP-YA-1200-695768/695768_3T_T1w_MPR1/mri/reg_extracted_orig_nu.nii.gz
2112,MRIQC/sub-HCP-YA-1200-698168/698168_3T_T1w_MPR1/mri/reg_extracted_orig_nu.nii.gz
2113,MRIQC/sub-HCP-YA-1200-700634/700634_3T_T1w_MPR1/mri/reg_extracted_orig_nu.nii.gz
2114,MRIQC/sub-HCP-YA-1200-701535/701535_3T_T1w_MPR1/mri/reg_extracted_orig_nu.nii.gz
2115,MRIQC/sub-HCP-YA-1200-702133/702133_3T_T1w_MPR1/mri/reg_extracted_orig_nu.nii.gz
2116,MRIQC/sub-HCP-YA-1200-704238/704238_3T_T1w_MPR1/mri/reg_extracted_orig_nu.nii.gz
2117,MRIQC/sub-HCP-YA-1200-705341/705341_3T_T1w_MPR1/mri/reg_extracted_orig_nu.nii.gz
2118,MRIQC/sub-HCP-YA-1200-706040/706040_3T_T1w_MPR1/mri/reg_extracted_orig_nu.nii.gz
2119,MRIQC/sub-HCP-YA-1200-707749/707749_3T_T1w_MPR1/mri/reg_extracted_orig_nu.nii.gz
2120,MRIQC/sub-HCP-YA-1200-709551/709551_3T_T1w_MPR1/mri/reg_extracted_orig_nu.nii.gz
2121,MRIQC/sub-HCP-YA-1200-713239/713239_3T_T1w_MPR1/mri/reg_extracted_orig_nu.nii.gz
2122,MRIQC/sub-HCP-YA-1200-715041/715041_3T_T1w_MPR1/mri/reg_extracted_orig_nu.nii.gz
2123,MRIQC/sub-HCP-YA-1200-715647/715647_3T_T1w_MPR1/mri/reg_extracted_orig_nu.nii.gz
2124,MRIQC/sub-HCP-YA-1200-715950/715950_3T_T1w_MPR1/mri/reg_extracted_orig_nu.nii.gz
2125,MRIQC/sub-HCP-YA-1200-720337/720337_3T_T1w_MPR1/mri/reg_extracted_orig_nu.nii.gz
2126,MRIQC/sub-HCP-YA-1200-723141/723141_3T_T1w_MPR1/mri/reg_extracted_orig_nu.nii.gz
2127,MRIQC/sub-HCP-YA-1200-724446/724446_3T_T1w_MPR1/mri/reg_extracted_orig_nu.nii.gz
2128,MRIQC/sub-HCP-YA-1200-725751/725751_3T_T1w_MPR1/mri/reg_extracted_orig_nu.nii.gz
2129,MRIQC/sub-HCP-YA-1200-727553/727553_3T_T1w_MPR1/mri/reg_extracted_orig_nu.nii.gz
2130,MRIQC/sub-HCP-YA-1200-727654/727654_3T_T1w_MPR1/mri/reg_extracted_orig_nu.nii.gz
2131,MRIQC/sub-HCP-YA-1200-728454/728454_3T_T1w_MPR1/mri/reg_extracted_orig_nu.nii.gz
2132,MRIQC/sub-HCP-YA-1200-729254/729254_3T_T1w_MPR1/mri/reg_extracted_orig_nu.nii.gz
2133,MRIQC/sub-HCP-YA-1200-729557/729557_3T_T1w_MPR1/mri/reg_extracted_orig_nu.nii.gz
2134,MRIQC/sub-HCP-YA-1200-731140/731140_3T_T1w_MPR1/mri/reg_extracted_orig_nu.nii.gz
2135,MRIQC/sub-HCP-YA-1200-732243/732243_3T_T1w_MPR1/mri/reg_extracted_orig_nu.nii.gz
2136,MRIQC/sub-HCP-YA-1200-733548/733548_3T_T1w_MPR1/mri/reg_extracted_orig_nu.nii.gz
2137,MRIQC/sub-HCP-YA-1200-734045/734045_3T_T1w_MPR1/mri/reg_extracted_orig_nu.nii.gz
2138,MRIQC/sub-HCP-YA-1200-734247/734247_3T_T1w_MPR1/mri/reg_extracted_orig_nu.nii.gz
2139,MRIQC/sub-HCP-YA-1200-735148/735148_3T_T1w_MPR1/mri/reg_extracted_orig_nu.nii.gz
2140,MRIQC/sub-HCP-YA-1200-737960/737960_3T_T1w_MPR1/mri/reg_extracted_orig_nu.nii.gz
2141,MRIQC/sub-HCP-YA-1200-742549/742549_3T_T1w_MPR1/mri/reg_extracted_orig_nu.nii.gz
2142,MRIQC/sub-HCP-YA-1200-744553/744553_3T_T1w_MPR1/mri/reg_extracted_orig_nu.nii.gz
2143,MRIQC/sub-HCP-YA-1200-745555/745555_3T_T1w_MPR1/mri/reg_extracted_orig_nu.nii.gz
2144,MRIQC/sub-HCP-YA-1200-748258/748258_3T_T1w_MPR1/mri/reg_extracted_orig_nu.nii.gz
2145,MRIQC/sub-HCP-YA-1200-748662/748662_3T_T1w_MPR1/mri/reg_extracted_orig_nu.nii.gz
2146,MRIQC/sub-HCP-YA-1200-749058/749058_3T_T1w_MPR1/mri/reg_extracted_orig_nu.nii.gz
2147,MRIQC/sub-HCP-YA-1200-749361/749361_3T_T1w_MPR1/mri/reg_extracted_orig_nu.nii.gz
2148,MRIQC/sub-HCP-YA-1200-751348/751348_3T_T1w_MPR1/mri/reg_extracted_orig_nu.nii.gz
2149,MRIQC/sub-HCP-YA-1200-751550/751550_3T_T1w_MPR1/mri/reg_extracted_orig_nu.nii.gz
2150,MRIQC/sub-HCP-YA-1200-753150/753150_3T_T1w_MPR1/mri/reg_extracted_orig_nu.nii.gz
2151,MRIQC/sub-HCP-YA-1200-753251/753251_3T_T1w_MPR1/mri/reg_extracted_orig_nu.nii.gz
2152,MRIQC/sub-HCP-YA-1200-756055/756055_3T_T1w_MPR1/mri/reg_extracted_orig_nu.nii.gz
2153,MRIQC/sub-HCP-YA-1200-757764/757764_3T_T1w_MPR1/mri/reg_extracted_orig_nu.nii.gz
2154,MRIQC/sub-HCP-YA-1200-759869/759869_3T_T1w_MPR1/mri/reg_extracted_orig_nu.nii.gz
2155,MRIQC/sub-HCP-YA-1200-760551/760551_3T_T1w_MPR1/mri/reg_extracted_orig_nu.nii.gz
2156,MRIQC/sub-HCP-YA-1200-761957/761957_3T_T1w_MPR1/mri/reg_extracted_orig_nu.nii.gz
2157,MRIQC/sub-HCP-YA-1200-763557/763557_3T_T1w_MPR1/mri/reg_extracted_orig_nu.nii.gz
2158,MRIQC/sub-HCP-YA-1200-765056/765056_3T_T1w_MPR1/mri/reg_extracted_orig_nu.nii.gz
2159,MRIQC/sub-HCP-YA-1200-765864/765864_3T_T1w_MPR1/mri/reg_extracted_orig_nu.nii.gz
2160,MRIQC/sub-HCP-YA-1200-766563/766563_3T_T1w_MPR1/mri/reg_extracted_orig_nu.nii.gz
2161,MRIQC/sub-HCP-YA-1200-767464/767464_3T_T1w_MPR1/mri/reg_extracted_orig_nu.nii.gz
2162,MRIQC/sub-HCP-YA-1200-769064/769064_3T_T1w_MPR1/mri/reg_extracted_orig_nu.nii.gz
2163,MRIQC/sub-HCP-YA-1200-770352/770352_3T_T1w_MPR1/mri/reg_extracted_orig_nu.nii.gz
2164,MRIQC/sub-HCP-YA-1200-771354/771354_3T_T1w_MPR1/mri/reg_extracted_orig_nu.nii.gz
2165,MRIQC/sub-HCP-YA-1200-773257/773257_3T_T1w_MPR1/mri/reg_extracted_orig_nu.nii.gz
2166,MRIQC/sub-HCP-YA-1200-774663/774663_3T_T1w_MPR1/mri/reg_extracted_orig_nu.nii.gz
2167,MRIQC/sub-HCP-YA-1200-779370/779370_3T_T1w_MPR1/mri/reg_extracted_orig_nu.nii.gz
2168,MRIQC/sub-HCP-YA-1200-782157/782157_3T_T1w_MPR1/mri/reg_extracted_orig_nu.nii.gz
2169,MRIQC/sub-HCP-YA-1200-782561/782561_3T_T1w_MPR1/mri/reg_extracted_orig_nu.nii.gz
2170,MRIQC/sub-HCP-YA-1200-783462/783462_3T_T1w_MPR1/mri/reg_extracted_orig_nu.nii.gz
2171,MRIQC/sub-HCP-YA-1200-784565/784565_3T_T1w_MPR1/mri/reg_extracted_orig_nu.nii.gz
2172,MRIQC/sub-HCP-YA-1200-786569/786569_3T_T1w_MPR1/mri/reg_extracted_orig_nu.nii.gz
2173,MRIQC/sub-HCP-YA-1200-788674/788674_3T_T1w_MPR1/mri/reg_extracted_orig_nu.nii.gz
2174,MRIQC/sub-HCP-YA-1200-788876/788876_3T_T1w_MPR1/mri/reg_extracted_orig_nu.nii.gz
2175,MRIQC/sub-HCP-YA-1200-789373/789373_3T_T1w_MPR1/mri/reg_extracted_orig_nu.nii.gz
2176,MRIQC/sub-HCP-YA-1200-792564/792564_3T_T1w_MPR1/mri/reg_extracted_orig_nu.nii.gz
2177,MRIQC/sub-HCP-YA-1200-792766/792766_3T_T1w_MPR1/mri/reg_extracted_orig_nu.nii.gz
2178,MRIQC/sub-HCP-YA-1200-792867/792867_3T_T1w_MPR1/mri/reg_extracted_orig_nu.nii.gz
2179,MRIQC/sub-HCP-YA-1200-793465/793465_3T_T1w_MPR1/mri/reg_extracted_orig_nu.nii.gz
2180,MRIQC/sub-HCP-YA-1200-800941/800941_3T_T1w_MPR1/mri/reg_extracted_orig_nu.nii.gz
2181,MRIQC/sub-HCP-YA-1200-802844/802844_3T_T1w_MPR1/mri/reg_extracted_orig_nu.nii.gz
2182,MRIQC/sub-HCP-YA-1200-803240/803240_3T_T1w_MPR1/mri/reg_extracted_orig_nu.nii.gz
2183,MRIQC/sub-HCP-YA-1200-804646/804646_3T_T1w_MPR1/mri/reg_extracted_orig_nu.nii.gz
2184,MRIQC/sub-HCP-YA-1200-809252/809252_3T_T1w_MPR1/mri/reg_extracted_orig_nu.nii.gz
2185,MRIQC/sub-HCP-YA-1200-810439/810439_3T_T1w_MPR1/mri/reg_extracted_orig_nu.nii.gz
2186,MRIQC/sub-HCP-YA-1200-810843/810843_3T_T1w_MPR1/mri/reg_extracted_orig_nu.nii.gz
2187,MRIQC/sub-HCP-YA-1200-812746/812746_3T_T1w_MPR1/mri/reg_extracted_orig_nu.nii.gz
2188,MRIQC/sub-HCP-YA-1200-814548/814548_3T_T1w_MPR1/mri/reg_extracted_orig_nu.nii.gz
2189,MRIQC/sub-HCP-YA-1200-814649/814649_3T_T1w_MPR1/mri/reg_extracted_orig_nu.nii.gz
2190,MRIQC/sub-HCP-YA-1200-815247/815247_3T_T1w_MPR1/mri/reg_extracted_orig_nu.nii.gz
2191,MRIQC/sub-HCP-YA-1200-816653/816653_3T_T1w_MPR1/mri/reg_extracted_orig_nu.nii.gz
2192,MRIQC/sub-HCP-YA-1200-818455/818455_3T_T1w_MPR1/mri/reg_extracted_orig_nu.nii.gz
2193,MRIQC/sub-HCP-YA-1200-818859/818859_3T_T1w_MPR1/mri/reg_extracted_orig_nu.nii.gz
2194,MRIQC/sub-HCP-YA-1200-820745/820745_3T_T1w_MPR1/mri/reg_extracted_orig_nu.nii.gz
2195,MRIQC/sub-HCP-YA-1200-822244/822244_3T_T1w_MPR1/mri/reg_extracted_orig_nu.nii.gz
2196,MRIQC/sub-HCP-YA-1200-825048/825048_3T_T1w_MPR1/mri/reg_extracted_orig_nu.nii.gz
2197,MRIQC/sub-HCP-YA-1200-825553/825553_3T_T1w_MPR1/mri/reg_extracted_orig_nu.nii.gz
2198,MRIQC/sub-HCP-YA-1200-825654/825654_3T_T1w_MPR1/mri/reg_extracted_orig_nu.nii.gz
2199,MRIQC/sub-HCP-YA-1200-826353/826353_3T_T1w_MPR1/mri/reg_extracted_orig_nu.nii.gz
2200,MRIQC/sub-HCP-YA-1200-826454/826454_3T_T1w_MPR1/mri/reg_extracted_orig_nu.nii.gz
2201,MRIQC/sub-HCP-YA-1200-827052/827052_3T_T1w_MPR1/mri/reg_extracted_orig_nu.nii.gz
2202,MRIQC/sub-HCP-YA-1200-828862/828862_3T_T1w_MPR1/mri/reg_extracted_orig_nu.nii.gz
2203,MRIQC/sub-HCP-YA-1200-832651/832651_3T_T1w_MPR1/mri/reg_extracted_orig_nu.nii.gz
2204,MRIQC/sub-HCP-YA-1200-833148/833148_3T_T1w_MPR1/mri/reg_extracted_orig_nu.nii.gz
2205,MRIQC/sub-HCP-YA-1200-833249/833249_3T_T1w_MPR1/mri/reg_extracted_orig_nu.nii.gz
2206,MRIQC/sub-HCP-YA-1200-835657/835657_3T_T1w_MPR1/mri/reg_extracted_orig_nu.nii.gz
2207,MRIQC/sub-HCP-YA-1200-837560/837560_3T_T1w_MPR1/mri/reg_extracted_orig_nu.nii.gz
2208,MRIQC/sub-HCP-YA-1200-837964/837964_3T_T1w_MPR1/mri/reg_extracted_orig_nu.nii.gz
2209,MRIQC/sub-HCP-YA-1200-841349/841349_3T_T1w_MPR1/mri/reg_extracted_orig_nu.nii.gz
2210,MRIQC/sub-HCP-YA-1200-843151/843151_3T_T1w_MPR1/mri/reg_extracted_orig_nu.nii.gz
2211,MRIQC/sub-HCP-YA-1200-844961/844961_3T_T1w_MPR1/mri/reg_extracted_orig_nu.nii.gz
2212,MRIQC/sub-HCP-YA-1200-845458/845458_3T_T1w_MPR1/mri/reg_extracted_orig_nu.nii.gz
2213,MRIQC/sub-HCP-YA-1200-849264/849264_3T_T1w_MPR1/mri/reg_extracted_orig_nu.nii.gz
2214,MRIQC/sub-HCP-YA-1200-849971/849971_3T_T1w_MPR1/mri/reg_extracted_orig_nu.nii.gz
2215,MRIQC/sub-HCP-YA-1200-852455/852455_3T_T1w_MPR1/mri/reg_extracted_orig_nu.nii.gz
2216,MRIQC/sub-HCP-YA-1200-856463/856463_3T_T1w_MPR1/mri/reg_extracted_orig_nu.nii.gz
2217,MRIQC/sub-HCP-YA-1200-856766/856766_3T_T1w_MPR1/mri/reg_extracted_orig_nu.nii.gz
2218,MRIQC/sub-HCP-YA-1200-856968/856968_3T_T1w_MPR1/mri/reg_extracted_orig_nu.nii.gz
2219,MRIQC/sub-HCP-YA-1200-857263/857263_3T_T1w_MPR1/mri/reg_extracted_orig_nu.nii.gz
2220,MRIQC/sub-HCP-YA-1200-859671/859671_3T_T1w_MPR1/mri/reg_extracted_orig_nu.nii.gz
2221,MRIQC/sub-HCP-YA-1200-861456/861456_3T_T1w_MPR1/mri/reg_extracted_orig_nu.nii.gz
2222,MRIQC/sub-HCP-YA-1200-865363/865363_3T_T1w_MPR1/mri/reg_extracted_orig_nu.nii.gz
2223,MRIQC/sub-HCP-YA-1200-867468/867468_3T_T1w_MPR1/mri/reg_extracted_orig_nu.nii.gz
2224,MRIQC/sub-HCP-YA-1200-869472/869472_3T_T1w_MPR1/mri/reg_extracted_orig_nu.nii.gz
2225,MRIQC/sub-HCP-YA-1200-870861/870861_3T_T1w_MPR1/mri/reg_extracted_orig_nu.nii.gz
2226,MRIQC/sub-HCP-YA-1200-871762/871762_3T_T1w_MPR1/mri/reg_extracted_orig_nu.nii.gz
2227,MRIQC/sub-HCP-YA-1200-871964/871964_3T_T1w_MPR1/mri/reg_extracted_orig_nu.nii.gz
2228,MRIQC/sub-HCP-YA-1200-872158/872158_3T_T1w_MPR1/mri/reg_extracted_orig_nu.nii.gz
2229,MRIQC/sub-HCP-YA-1200-872562/872562_3T_T1w_MPR1/mri/reg_extracted_orig_nu.nii.gz
2230,MRIQC/sub-HCP-YA-1200-872764/872764_3T_T1w_MPR1/mri/reg_extracted_orig_nu.nii.gz
2231,MRIQC/sub-HCP-YA-1200-873968/873968_3T_T1w_MPR1/mri/reg_extracted_orig_nu.nii.gz
2232,MRIQC/sub-HCP-YA-1200-877168/877168_3T_T1w_MPR1/mri/reg_extracted_orig_nu.nii.gz
2233,MRIQC/sub-HCP-YA-1200-877269/877269_3T_T1w_MPR1/mri/reg_extracted_orig_nu.nii.gz
2234,MRIQC/sub-HCP-YA-1200-878776/878776_3T_T1w_MPR1/mri/reg_extracted_orig_nu.nii.gz
2235,MRIQC/sub-HCP-YA-1200-878877/878877_3T_T1w_MPR1/mri/reg_extracted_orig_nu.nii.gz
2236,MRIQC/sub-HCP-YA-1200-880157/880157_3T_T1w_MPR1/mri/reg_extracted_orig_nu.nii.gz
2237,MRIQC/sub-HCP-YA-1200-882161/882161_3T_T1w_MPR1/mri/reg_extracted_orig_nu.nii.gz
2238,MRIQC/sub-HCP-YA-1200-884064/884064_3T_T1w_MPR1/mri/reg_extracted_orig_nu.nii.gz
2239,MRIQC/sub-HCP-YA-1200-885975/885975_3T_T1w_MPR1/mri/reg_extracted_orig_nu.nii.gz
2240,MRIQC/sub-HCP-YA-1200-886674/886674_3T_T1w_MPR1/mri/reg_extracted_orig_nu.nii.gz
2241,MRIQC/sub-HCP-YA-1200-887373/887373_3T_T1w_MPR1/mri/reg_extracted_orig_nu.nii.gz
2242,MRIQC/sub-HCP-YA-1200-888678/888678_3T_T1w_MPR1/mri/reg_extracted_orig_nu.nii.gz
2243,MRIQC/sub-HCP-YA-1200-889579/889579_3T_T1w_MPR1/mri/reg_extracted_orig_nu.nii.gz
2244,MRIQC/sub-HCP-YA-1200-891667/891667_3T_T1w_MPR1/mri/reg_extracted_orig_nu.nii.gz
2245,MRIQC/sub-HCP-YA-1200-894067/894067_3T_T1w_MPR1/mri/reg_extracted_orig_nu.nii.gz
2246,MRIQC/sub-HCP-YA-1200-894673/894673_3T_T1w_MPR1/mri/reg_extracted_orig_nu.nii.gz
2247,MRIQC/sub-HCP-YA-1200-894774/894774_3T_T1w_MPR1/mri/reg_extracted_orig_nu.nii.gz
2248,MRIQC/sub-HCP-YA-1200-896778/896778_3T_T1w_MPR1/mri/reg_extracted_orig_nu.nii.gz
2249,MRIQC/sub-HCP-YA-1200-896879/896879_3T_T1w_MPR1/mri/reg_extracted_orig_nu.nii.gz
2250,MRIQC/sub-HCP-YA-1200-898176/898176_3T_T1w_MPR1/mri/reg_extracted_orig_nu.nii.gz
2251,MRIQC/sub-HCP-YA-1200-899885/899885_3T_T1w_MPR1/mri/reg_extracted_orig_nu.nii.gz
2252,MRIQC/sub-HCP-YA-1200-901038/901038_3T_T1w_MPR1/mri/reg_extracted_orig_nu.nii.gz
2253,MRIQC/sub-HCP-YA-1200-901139/901139_3T_T1w_MPR1/mri/reg_extracted_orig_nu.nii.gz
2254,MRIQC/sub-HCP-YA-1200-901442/901442_3T_T1w_MPR1/mri/reg_extracted_orig_nu.nii.gz
2255,MRIQC/sub-HCP-YA-1200-902242/902242_3T_T1w_MPR1/mri/reg_extracted_orig_nu.nii.gz
2256,MRIQC/sub-HCP-YA-1200-904044/904044_3T_T1w_MPR1/mri/reg_extracted_orig_nu.nii.gz
2257,MRIQC/sub-HCP-YA-1200-905147/905147_3T_T1w_MPR1/mri/reg_extracted_orig_nu.nii.gz
2258,MRIQC/sub-HCP-YA-1200-907656/907656_3T_T1w_MPR1/mri/reg_extracted_orig_nu.nii.gz
2259,MRIQC/sub-HCP-YA-1200-908860/908860_3T_T1w_MPR1/mri/reg_extracted_orig_nu.nii.gz
2260,MRIQC/sub-HCP-YA-1200-910241/910241_3T_T1w_MPR1/mri/reg_extracted_orig_nu.nii.gz
2261,MRIQC/sub-HCP-YA-1200-910443/910443_3T_T1w_MPR1/mri/reg_extracted_orig_nu.nii.gz
2262,MRIQC/sub-HCP-YA-1200-911849/911849_3T_T1w_MPR1/mri/reg_extracted_orig_nu.nii.gz
2263,MRIQC/sub-HCP-YA-1200-912447/912447_3T_T1w_MPR1/mri/reg_extracted_orig_nu.nii.gz
2264,MRIQC/sub-HCP-YA-1200-917255/917255_3T_T1w_MPR1/mri/reg_extracted_orig_nu.nii.gz
2265,MRIQC/sub-HCP-YA-1200-917558/917558_3T_T1w_MPR1/mri/reg_extracted_orig_nu.nii.gz
2266,MRIQC/sub-HCP-YA-1200-919966/919966_3T_T1w_MPR1/mri/reg_extracted_orig_nu.nii.gz
2267,MRIQC/sub-HCP-YA-1200-922854/922854_3T_T1w_MPR1/mri/reg_extracted_orig_nu.nii.gz
2268,MRIQC/sub-HCP-YA-1200-923755/923755_3T_T1w_MPR1/mri/reg_extracted_orig_nu.nii.gz
2269,MRIQC/sub-HCP-YA-1200-926862/926862_3T_T1w_MPR1/mri/reg_extracted_orig_nu.nii.gz
2270,MRIQC/sub-HCP-YA-1200-927359/927359_3T_T1w_MPR1/mri/reg_extracted_orig_nu.nii.gz
2271,MRIQC/sub-HCP-YA-1200-929464/929464_3T_T1w_MPR1/mri/reg_extracted_orig_nu.nii.gz
2272,MRIQC/sub-HCP-YA-1200-930449/930449_3T_T1w_MPR1/mri/reg_extracted_orig_nu.nii.gz
2273,MRIQC/sub-HCP-YA-1200-932554/932554_3T_T1w_MPR1/mri/reg_extracted_orig_nu.nii.gz
2274,MRIQC/sub-HCP-YA-1200-933253/933253_3T_T1w_MPR1/mri/reg_extracted_orig_nu.nii.gz
2275,MRIQC/sub-HCP-YA-1200-937160/937160_3T_T1w_MPR1/mri/reg_extracted_orig_nu.nii.gz
2276,MRIQC/sub-HCP-YA-1200-942658/942658_3T_T1w_MPR1/mri/reg_extracted_orig_nu.nii.gz
2277,MRIQC/sub-HCP-YA-1200-943862/943862_3T_T1w_MPR1/mri/reg_extracted_orig_nu.nii.gz
2278,MRIQC/sub-HCP-YA-1200-947668/947668_3T_T1w_MPR1/mri/reg_extracted_orig_nu.nii.gz
2279,MRIQC/sub-HCP-YA-1200-951457/951457_3T_T1w_MPR1/mri/reg_extracted_orig_nu.nii.gz
2280,MRIQC/sub-HCP-YA-1200-952863/952863_3T_T1w_MPR1/mri/reg_extracted_orig_nu.nii.gz
2281,MRIQC/sub-HCP-YA-1200-953764/953764_3T_T1w_MPR1/mri/reg_extracted_orig_nu.nii.gz
2282,MRIQC/sub-HCP-YA-1200-955465/955465_3T_T1w_MPR1/mri/reg_extracted_orig_nu.nii.gz
2283,MRIQC/sub-HCP-YA-1200-957974/957974_3T_T1w_MPR1/mri/reg_extracted_orig_nu.nii.gz
2284,MRIQC/sub-HCP-YA-1200-958976/958976_3T_T1w_MPR1/mri/reg_extracted_orig_nu.nii.gz
2285,MRIQC/sub-HCP-YA-1200-959574/959574_3T_T1w_MPR1/mri/reg_extracted_orig_nu.nii.gz
2286,MRIQC/sub-HCP-YA-1200-962058/962058_3T_T1w_MPR1/mri/reg_extracted_orig_nu.nii.gz
2287,MRIQC/sub-HCP-YA-1200-965367/965367_3T_T1w_MPR1/mri/reg_extracted_orig_nu.nii.gz
2288,MRIQC/sub-HCP-YA-1200-965771/965771_3T_T1w_MPR1/mri/reg_extracted_orig_nu.nii.gz
2289,MRIQC/sub-HCP-YA-1200-966975/966975_3T_T1w_MPR1/mri/reg_extracted_orig_nu.nii.gz
2290,MRIQC/sub-HCP-YA-1200-969476/969476_3T_T1w_MPR1/mri/reg_extracted_orig_nu.nii.gz
2291,MRIQC/sub-HCP-YA-1200-970764/970764_3T_T1w_MPR1/mri/reg_extracted_orig_nu.nii.gz
2292,MRIQC/sub-HCP-YA-1200-971160/971160_3T_T1w_MPR1/mri/reg_extracted_orig_nu.nii.gz
2293,MRIQC/sub-HCP-YA-1200-972566/972566_3T_T1w_MPR1/mri/reg_extracted_orig_nu.nii.gz
2294,MRIQC/sub-HCP-YA-1200-973770/973770_3T_T1w_MPR1/mri/reg_extracted_orig_nu.nii.gz
2295,MRIQC/sub-HCP-YA-1200-978578/978578_3T_T1w_MPR1/mri/reg_extracted_orig_nu.nii.gz
2296,MRIQC/sub-HCP-YA-1200-979984/979984_3T_T1w_MPR1/mri/reg_extracted_orig_nu.nii.gz
2297,MRIQC/sub-HCP-YA-1200-983773/983773_3T_T1w_MPR1/mri/reg_extracted_orig_nu.nii.gz
2298,MRIQC/sub-HCP-YA-1200-984472/984472_3T_T1w_MPR1/mri/reg_extracted_orig_nu.nii.gz
2299,MRIQC/sub-HCP-YA-1200-987074/987074_3T_T1w_MPR1/mri/reg_extracted_orig_nu.nii.gz
2300,MRIQC/sub-HCP-YA-1200-987983/987983_3T_T1w_MPR1/mri/reg_extracted_orig_nu.nii.gz
2301,MRIQC/sub-HCP-YA-1200-989987/989987_3T_T1w_MPR1/mri/reg_extracted_orig_nu.nii.gz
2302,MRIQC/sub-HCP-YA-1200-990366/990366_3T_T1w_MPR1/mri/reg_extracted_orig_nu.nii.gz
2303,MRIQC/sub-HCP-YA-1200-991267/991267_3T_T1w_MPR1/mri/reg_extracted_orig_nu.nii.gz
2304,MRIQC/sub-HCP-YA-1200-992673/992673_3T_T1w_MPR1/mri/reg_extracted_orig_nu.nii.gz
2305,MRIQC/sub-HCP-YA-1200-992774/992774_3T_T1w_MPR1/mri/reg_extracted_orig_nu.nii.gz
2306,MRIQC/sub-HCP-YA-1200-993675/993675_3T_T1w_MPR1/mri/reg_extracted_orig_nu.nii.gz
2307,MRIQC/sub-HCP-YA-1200-994273/994273_3T_T1w_MPR1/mri/reg_extracted_orig_nu.nii.gz
2308,MRIQC/sub-HCP-YA-1200-995174/995174_3T_T1w_MPR1/mri/reg_extracted_orig_nu.nii.gz
2309,MRIQC/sub-HCP-YA-1200-996782/996782_3T_T1w_MPR1/mri/reg_extracted_orig_nu.nii.gz
